title,genre,mood,release_year,platform,director,actor
Modern read career,Action,Exciting,1997,HBO Max,Michael Villegas,Brittany Crawford
Reach have movie,Comedy,Happy,2011,Disney+,Gina Kane,Alexander Leach
Miss last throughout,Thriller,Sad,2006,Netflix,Robert Collins,Felicia Proctor
Necessary she,Thriller,Heartwarming,2019,Disney+,Russell Carpenter,Chase Sullivan
Spring under last,Action,Uplifting,2017,Apple TV,Christine Hobbs,Dr. Juan Walters
Of paper author,Action,Happy,2014,Disney+,Rhonda Cole,Clinton Avery
Interest yes note,Drama,Heartwarming,2022,Disney+,Jackie Johnson,Katherine Graves
Certainly road reality,Drama,Dark,2022,HBO Max,Elaine Mitchell,David Hodges
Say,Thriller,Sad,2018,Netflix,Larry Ramsey,Susan Chavez
Project same,Action,Exciting,2010,Netflix,Gary Ray,Benjamin Wallace
Bed step must drive,Drama,Dark,1998,Hulu,Raymond Richard,Jason Carter
Issue southern everybody,Action,Heartwarming,2001,HBO Max,Daniel Burnett,Steven Booker
Else,Sci-Fi,Exciting,2021,HBO Max,Jonathan Velasquez,Jeremiah Marshall
Exactly whose degree,Thriller,Uplifting,2008,HBO Max,Richard Bolton,Kevin Barron
Sort college,Drama,Sad,2001,HBO Max,Dennis Ramirez,Susan Munoz
Short since,Drama,Heartwarming,2023,Hulu,Vickie Kelly,Justin Ruiz
Paper follow,Comedy,Sad,2017,Disney+,Caroline Gibson,Dennis Morrison
Name detail,Sci-Fi,Heartwarming,2005,Disney+,Sandra Brown,Tracy Mendoza
While fly into,Thriller,Happy,2009,Disney+,Heather Rice,Erica Cruz
Step tonight,Comedy,Inspiring,2020,Hulu,David Escobar,Jessica Arias
Personal watch,Drama,Uplifting,2020,Hulu,Crystal Chavez,Jodi Moses
Senior check space,Sci-Fi,Happy,2016,Amazon Prime,Eric Lynn,Diana Dawson
Large I low,Family,Uplifting,2022,HBO Max,Michael Waller,Jill Simmons
Economic responsibility,Action,Dark,2018,HBO Max,Elizabeth Walsh,Tanner Lopez
Church call technology,Sci-Fi,Heartwarming,2009,Apple TV,Angela Juarez,Alan Smith
Off,Comedy,Heartwarming,1995,Apple TV,Kevin Green,Linda Kirby
Help democratic you fire,Action,Dark,2016,Hulu,Austin Garcia,Mark Myers
Clear other,Family,Happy,1999,Hulu,Brett Nicholson,Summer Ford
Maybe rise,Action,Exciting,2001,HBO Max,Joan Mcdaniel,Christopher Miller
Environmental guess,Sci-Fi,Dark,2000,Apple TV,Reginald Fleming,Nancy Colon
Pay increase along,Sci-Fi,Sad,2002,Netflix,Jacob Dougherty,Michael Matthews
Draw participant,Action,Dark,2016,Amazon Prime,Jorge Sanchez,Sherri Stewart
Short watch,Drama,Heartwarming,1995,Disney+,Donna Lewis,Matthew Lane
Democrat run stand,Action,Inspiring,2012,Hulu,Brian Lane,Laura Hardy
Dinner ready control,Action,Inspiring,2000,Apple TV,James Smith,Michael Ryan
Leave,Family,Dark,1996,Netflix,Dr. Angel Brown,Rhonda Jackson
Moment note try,Sci-Fi,Dark,2009,HBO Max,Elizabeth Boyd,Vincent Bennett
Herself student,Family,Dark,1996,Hulu,Michael Rasmussen,Sherry Johnson
Expect off,Sci-Fi,Uplifting,2007,Hulu,Hannah Allen,Mario Jones DDS
Next last treat,Comedy,Exciting,2013,Disney+,Mary Dillon,Luke Garcia
Trip identify increase arm,Thriller,Sad,2000,Apple TV,Lisa Moore,Gabriel Miller
Fact explain,Comedy,Inspiring,2013,Hulu,John Lopez,Mrs. Tammy Solis
Sometimes whatever,Sci-Fi,Sad,1996,Apple TV,Beverly Sanchez,Jennifer Rangel
Night pass,Romance,Heartwarming,1996,Netflix,Joseph Padilla,Curtis Lee
Management door,Thriller,Uplifting,2013,Netflix,Jason Vincent,Michael Moore
Capital paper performance,Thriller,Sad,2021,Apple TV,Jonathan Nguyen,William Rivera
Speak decade,Comedy,Happy,2001,Apple TV,Katherine Johnson,Shannon Hill
Rich return wear,Sci-Fi,Heartwarming,2005,HBO Max,Rhonda Osborn,Mark Day
Few church focus,Action,Inspiring,2022,Netflix,Mrs. Jennifer Ruiz,Alexis Bryan
Court eat near,Romance,Dark,2013,Amazon Prime,Melissa Wright,Jamie Stone
Right able,Family,Heartwarming,2004,HBO Max,Jacob Callahan,Hannah Jones
Actually see major,Comedy,Uplifting,2005,Amazon Prime,Michael Wilkerson,John Shaw
Trial large easy,Family,Heartwarming,2009,Disney+,James Smith,Mr. Anthony Williams
Owner available throw,Drama,Sad,2023,Hulu,Yolanda Adams,Gabriel Brown
Less fine,Comedy,Dark,2017,HBO Max,Miguel Wells,Ann Hubbard
Box,Thriller,Uplifting,2004,Apple TV,Kevin Walker,Tracy Benson
Truth amount,Comedy,Inspiring,2009,Netflix,Brandon Dominguez,Kristina Green
Choose music from,Family,Dark,2009,Hulu,Keith Zimmerman,Michael Perry
Anything,Family,Uplifting,2020,Disney+,Peggy Aguirre,Christopher Smith
Group add,Thriller,Exciting,2014,Hulu,Jason Wagner,Christian Wiley
Those college,Family,Inspiring,1995,Hulu,Marvin Page,Michael Adams
Amount,Comedy,Heartwarming,2017,Netflix,James Long,Lindsey Mckee
Item information,Sci-Fi,Heartwarming,1999,Hulu,Ashley Ibarra,Laura Murphy
Military avoid,Thriller,Inspiring,2012,Hulu,James Scott,Russell Mullen
Environmental someone thank your,Romance,Inspiring,2010,Amazon Prime,Matthew Carlson,Megan Ruiz
Boy issue firm,Family,Happy,1999,HBO Max,Mrs. Angel Stone,Allison Watson
Look agree statement,Romance,Uplifting,1995,Hulu,James Jensen,Michael Jones
Campaign anyone,Action,Heartwarming,2004,Disney+,Joseph Underwood,Tracy Gonzalez
Picture western future,Thriller,Heartwarming,2009,Disney+,Hannah Allen,Christopher Scott
Collection keep affect maybe,Sci-Fi,Heartwarming,2016,Apple TV,Kendra Bailey,Amanda Barnes
Share,Action,Happy,2013,Apple TV,Erica Peters,Michael Scott
Career share,Comedy,Happy,2005,Hulu,Christopher Roberson,Monique Davis
Letter sea newspaper,Sci-Fi,Uplifting,2016,HBO Max,Ryan Hines,Edward Richmond
Chair agency,Action,Heartwarming,2017,Apple TV,Jeffrey Wells,Mary Mcintyre
Report draw hit,Action,Uplifting,2020,Netflix,John Boyd,Sydney Ryan
Raise likely particularly,Romance,Heartwarming,1996,HBO Max,James Smith,James Mcclure
Opportunity relationship,Drama,Heartwarming,2004,Netflix,Lindsey Love,Kelli Rasmussen
Material may follow movie,Romance,Inspiring,1999,Disney+,Melissa Williams MD,Keith Calhoun
My anyone,Drama,Exciting,2014,Hulu,Karen Johnson,Hannah Arias
Firm increase stop,Romance,Sad,2023,Apple TV,Vincent Rice,Sherry Smith
Course coach any,Sci-Fi,Exciting,2003,Netflix,Maria Howard,Amber Griffin
Stage affect,Romance,Heartwarming,1997,Apple TV,Timothy Ross,Daryl Lambert
Dog bank military,Drama,Exciting,2007,Disney+,Marilyn Cruz,Richard Guzman
Indicate prevent simply,Comedy,Exciting,2015,Netflix,Angela Bowman,Pamela Bauer
Sometimes analysis would,Comedy,Dark,2021,Hulu,Melissa Olson,Mr. Kristopher Kim
Kitchen continue whether important,Drama,Heartwarming,2006,Amazon Prime,Heidi Tran,Tamara Raymond
Property at near,Sci-Fi,Exciting,2013,HBO Max,Jerry Hayes,Nathan Christian
Step,Action,Exciting,2009,Apple TV,Sandra Flowers,Bethany Pruitt
Ok scene radio,Family,Heartwarming,2016,Amazon Prime,Jonathan Baker,Casey Campbell
During another account,Action,Uplifting,2010,HBO Max,Michael Miller,Allison Simmons
World offer avoid,Family,Happy,2018,Disney+,Jennifer Jenkins,Rachel Chapman
Close consider,Comedy,Heartwarming,2008,Disney+,Shelley Valencia,Kimberly Suarez
Return prove design,Drama,Sad,1999,Apple TV,Casey Powers,Sharon Walls
Mr,Thriller,Dark,2006,Apple TV,Mrs. Sonya Anderson,George Christian
Series employee,Sci-Fi,Heartwarming,2013,Amazon Prime,Tiffany Munoz,Carolyn Brewer
Prevent record piece,Comedy,Happy,1996,Apple TV,Jesus Ramirez,Deborah Thomas DVM
Usually car,Comedy,Uplifting,2000,Disney+,Sandra Harper MD,Andrea Reyes
Eight,Comedy,Exciting,2023,Disney+,Madison Morgan,Cynthia Hughes
Business drive,Action,Sad,1997,HBO Max,Henry Mcfarland,Justin Clark
Foreign clear have month,Comedy,Happy,2007,Hulu,Christopher Carter,Jeanne Skinner
Doctor job,Thriller,Sad,2021,Netflix,Zachary Harrison,Dorothy Reed
Full rich reflect,Comedy,Uplifting,2007,HBO Max,Stephen Rodriguez,Lisa Bennett
Per arrive,Thriller,Sad,2000,Apple TV,Joel Powell,Rhonda Garcia
What must police,Comedy,Dark,1998,HBO Max,Nicholas Smith,Donna Fischer
Or true,Action,Heartwarming,2003,Disney+,Robert Carter,Matthew Thomas
Long surface tonight huge,Sci-Fi,Sad,2022,Netflix,Kristen Gonzalez,April Farrell
Stand necessary,Thriller,Uplifting,2021,Apple TV,Patricia Ross,Jenny Burns
End challenge artist,Romance,Exciting,2018,Disney+,Amanda Johnson,David Day
Another prepare perhaps,Family,Happy,2015,Amazon Prime,Michelle Elliott,Gregory Nelson
Institution stop event hand,Thriller,Sad,2017,Netflix,Dylan Chambers,Brent Garcia
Occur college,Action,Inspiring,2009,Netflix,Erica Sanchez,James Meyer
Begin,Action,Inspiring,1999,Apple TV,Sarah Romero,Rachel Ferguson
Account main call,Drama,Heartwarming,2023,Apple TV,Amy Sosa,Dr. Teresa Harrison
Situation imagine successful,Family,Inspiring,2019,Disney+,Ashley Walker,Meghan Perry
Down TV these such,Drama,Happy,2009,Disney+,Donald Weber,Rebecca Sutton
Deep,Action,Exciting,2008,HBO Max,Jennifer Morris,John Anderson
Eye green,Action,Exciting,1997,Hulu,Andrea Hunter,Valerie Evans
Window tough follow,Sci-Fi,Exciting,2009,Hulu,Kathleen Johnson,Christopher Gill
Himself far sign,Drama,Exciting,2001,HBO Max,Renee Gallegos,Michelle Montes
Clear stay fish,Romance,Happy,2012,HBO Max,Cheryl Baker,Kathryn Bolton
List popular,Drama,Happy,2016,HBO Max,Charles Armstrong,Brenda Edwards
Situation result,Action,Exciting,1997,Hulu,David Gomez,Karen Price
Analysis rise force,Drama,Uplifting,2009,HBO Max,Jeremy Cunningham,Susan Rasmussen
Any wife yourself,Drama,Exciting,2005,Netflix,Michelle Holder,Rebecca Ryan
Hotel approach,Romance,Sad,1999,HBO Max,Jack Macdonald,Sarah Cunningham DDS
Mention those deep move,Romance,Dark,2016,Disney+,Jennifer Novak,Patrick Johnson
Bit man,Action,Heartwarming,2011,Disney+,Debra Haynes,Julie Fleming
Green pattern article church,Family,Uplifting,2011,Hulu,Douglas Flores,Kellie Torres
Size share,Romance,Dark,2020,Amazon Prime,Monica Morales,Thomas Choi
Federal work hard policy,Drama,Exciting,2013,Hulu,Pamela Lee,Tyler Parker
Personal west so,Thriller,Inspiring,2006,HBO Max,Brian Brown,Daniel Pham
Pattern network behind large,Thriller,Happy,2003,Disney+,Kimberly Ortiz,Jeffrey Wang
We west school,Family,Exciting,2022,HBO Max,Dylan Stephens,Kenneth Roberts
Wear,Comedy,Inspiring,2005,Amazon Prime,Lauren Liu,Donna Brennan
Possible than,Drama,Happy,2002,Hulu,Courtney Garrett,Craig Matthews
Thing majority service,Comedy,Sad,2006,Netflix,Kelly Johnson,Taylor Poole
Guy something,Romance,Dark,2008,Netflix,David Jackson,Victoria Gonzales
Rest national require,Action,Inspiring,2020,HBO Max,Sharon Collins,Jose Dennis
Range red spring,Drama,Heartwarming,2022,Apple TV,Donna Callahan,Jason Harris
Use owner,Thriller,Sad,2017,Netflix,Anna Barnes,James Kelley
Go walk,Drama,Dark,2003,Disney+,Robert Stone,Gabriel Brown
Maybe address before,Action,Dark,2002,HBO Max,Eric Garcia,Kendra Martin
Star month pass hospital,Comedy,Happy,2004,Netflix,Donna Alvarado,Donald Carpenter
Relationship around,Drama,Dark,2006,Amazon Prime,Robert Vaughn,Deborah Lane
Determine before between,Comedy,Dark,2005,Hulu,Michael Taylor,Crystal Petersen
Suffer,Thriller,Uplifting,2018,HBO Max,Todd Moore,Heather Patrick
Throw once sometimes pick,Comedy,Inspiring,2017,Disney+,Krystal Woodward,Lawrence Daniel
Idea receive thing green,Drama,Sad,2021,HBO Max,Gregory Trujillo,Ashley Sanchez
Game commercial,Romance,Heartwarming,1997,Disney+,Danielle Booth,Susan Delgado
Analysis question power,Action,Sad,2015,Disney+,Jenna Underwood,Michael Smith
Machine thus,Action,Heartwarming,2019,Amazon Prime,Christian Suarez,Aaron Sanders
Woman left,Thriller,Dark,1995,Apple TV,Rodney Henry,Joyce Delgado
Action billion,Comedy,Heartwarming,2017,Disney+,Patrick Harrison,Kathy Martinez
Really last,Drama,Uplifting,2010,Disney+,Randy Johnson,Timothy Davis
Economy different line,Action,Heartwarming,2021,Netflix,Mr. Edward Brown,Andrew Harris
Few third,Romance,Uplifting,2014,Amazon Prime,Nicholas Mays,Vickie Wilson MD
Me,Drama,Inspiring,2004,HBO Max,Sean Johnson,Shannon Harris
Attorney law light,Romance,Happy,2019,HBO Max,Daniel Powell,Anna Griffin
Something husband,Thriller,Uplifting,2011,Netflix,Terri Nelson,Geoffrey Perez
However remain war,Drama,Inspiring,1997,Disney+,Rebecca Walker,Amy Ross
Play national,Action,Happy,1999,Hulu,Wendy Fletcher,Joseph Weiss
Role involve society,Family,Heartwarming,2016,Disney+,Caleb Clark,Erin Phillips
Prevent natural still,Comedy,Sad,2001,Disney+,Alexandra Werner,Kyle Garcia
Skin establish debate,Comedy,Heartwarming,2006,Netflix,Corey Gardner,Kenneth Lee
Take finally music,Thriller,Heartwarming,2010,Disney+,Daniel Hill,Troy Wood
Debate fill individual,Thriller,Sad,2020,Hulu,Michele Mccormick,Amy Fisher
Prepare PM interest,Romance,Inspiring,2023,Amazon Prime,Keith Bates,Morgan Cordova
Join,Drama,Uplifting,2006,Netflix,Danielle Benson,Caleb Robinson
Of example age,Drama,Inspiring,2009,Disney+,John Nichols,Michael Gardner
Beautiful Democrat wait,Action,Dark,2014,HBO Max,Lisa Lewis,Elizabeth Freeman
Purpose crime song,Drama,Heartwarming,2009,Disney+,Dr. Sandra Riggs MD,Barbara Fitzgerald
Here high free here,Family,Heartwarming,2015,HBO Max,John Jordan,Erika Gordon
Public kind,Family,Exciting,1996,Hulu,Mark Hayes,Julian Reid
Dark yourself,Romance,Heartwarming,2013,Netflix,Rebekah Fernandez,Carrie Davies
Dinner beyond heavy,Drama,Happy,1997,Disney+,John Walter,Mr. Richard Hunt
Party discover,Family,Sad,2022,Apple TV,Stephanie Ramirez,Victoria Moore
Score during,Romance,Happy,2020,HBO Max,Jimmy Torres,Cody Hayes
History determine,Sci-Fi,Inspiring,2006,Apple TV,Scott Murray,Ann Hernandez
Civil article set,Sci-Fi,Sad,2000,Disney+,Loretta Carter,Nicholas Randolph
Nice state,Comedy,Uplifting,2011,Netflix,Jasmine Williams,Michael Brown
Six about,Drama,Inspiring,2023,Disney+,Shawn Frederick,Randy Clay
Smile,Comedy,Heartwarming,2020,HBO Max,Amy Hicks,James Johnson
Person theory,Thriller,Heartwarming,2023,Amazon Prime,Selena Colon,Jeffrey Park
Close rest,Action,Sad,2017,Hulu,Jeremy Floyd,Daniel West
According white eye,Comedy,Heartwarming,2001,Amazon Prime,Carlos Avery,Michelle Webb
Class enough month,Sci-Fi,Exciting,1999,Apple TV,Elizabeth Mcconnell,Madeline Moore
Mission customer,Sci-Fi,Inspiring,2017,Disney+,Jonathan Barber,Katherine Cox
Painting government environmental,Romance,Uplifting,2019,Disney+,Jermaine Leonard,Noah Anderson
Despite know issue,Comedy,Inspiring,2004,Apple TV,Denise Woodard,Joe Duran
Loss here,Thriller,Heartwarming,2001,Netflix,Bradley Castro,Sean Sullivan
Off mouth,Romance,Uplifting,2013,Amazon Prime,Patrick Baker,Joanne Romero
Mean skin pass,Sci-Fi,Exciting,2019,Hulu,Timothy Aguilar,Caitlyn Jones
Shoulder realize,Thriller,Dark,2003,Netflix,Zachary Pittman,Allison Calderon
According administration,Drama,Exciting,2023,Netflix,Janice Johnson,Alexis Cruz
Some far mouth,Romance,Happy,1997,HBO Max,Jimmy Brooks,Crystal Ramos
Meet once,Sci-Fi,Happy,1998,HBO Max,David Kelley,Kimberly Perez
Participant could,Comedy,Dark,2001,Netflix,Matthew Smith,Jeffrey Johnson
Foreign majority,Romance,Dark,2011,Apple TV,Stephen Garcia,Kent Larson
Weight above TV,Family,Dark,2012,Netflix,Justin Williams,Jennifer Brooks
Cold open feeling,Family,Happy,2002,Hulu,Kristi Jones,Isabel Hernandez MD
