user,likes,title,genre,sub_genre,themes,mood,age_restriction,actors,directors,release_year,duration_minutes,channel_number,event_time,content_type,content_category
user_4,yes,Timeless Journey,Romance,Coming-of-Age,Family Bonds,Excited,Family,Mina Patel,Dir D,2005,120,305.0,2025-06-20 02:13:12.508015,series,Series
user_61,no,Echoes of Youth,Sci-Fi,Slice of Life,Friendship,Relaxed,18,Carlos Diaz,Dir B,2022,30,,2025-06-19 21:50:12.508170,series,Series
user_77,no,Love Circuit,Family,Coming-of-Age,Friendship,Excited,18,Carlos Diaz,Dir B,2002,120,505.0,2025-06-19 18:08:12.508205,episode,Other
user_87,no,Midnight Code,Comedy,Fantasy,Betrayal,Melancholic,13,Mina Patel,Dir C,2018,45,305.0,2025-06-19 09:25:12.508231,episode,Other
user_17,yes,Love Circuit,Family,Slice of Life,Adventure,Nostalgic,13,Carlos Diaz,Dir D,2005,45,505.0,2025-06-19 01:15:12.508262,movie,Movie
user_43,no,Echoes of Youth,Action,Fantasy,Courage,Excited,Family,John Doe,Dir C,2000,60,404.0,2025-06-20 05:12:12.508290,series,Series
user_2,no,Love Circuit,Sci-Fi,Buddy,Courage,Excited,18,Jane Smith,Dir B,2007,30,305.0,2025-06-20 16:44:12.508312,movie,Movie
user_63,yes,Echoes of Youth,Thriller,Buddy,Love,Relaxed,13,Mina Patel,Dir A,1997,120,404.0,2025-06-20 17:48:12.508336,movie,Movie
user_46,yes,Echoes of Youth,Romance,Coming-of-Age,Adventure,Nostalgic,13,Mina Patel,Dir C,2021,120,505.0,2025-06-19 00:29:12.508357,series,Series
user_45,yes,Sky's Edge,Family,Buddy,Betrayal,Excited,Family,Mina Patel,Dir C,2020,45,203.0,2025-06-19 11:49:12.508377,special,Other
user_57,no,Love Circuit,Drama,Fantasy,Family Bonds,Melancholic,Family,Jane Smith,Dir C,1999,60,505.0,2025-06-19 11:33:12.508396,episode,Other
user_27,yes,Echoes of Youth,Family,Fantasy,Courage,Relaxed,Family,Alice Lee,Dir B,2019,120,404.0,2025-06-19 20:19:12.508414,episode,Other
user_53,yes,Timeless Journey,Sci-Fi,Coming-of-Age,Betrayal,Melancholic,18,Alice Lee,Dir D,2015,30,505.0,2025-06-19 05:16:12.508433,movie,Movie
user_6,no,Midnight Code,Action,Buddy,Adventure,Relaxed,18,John Doe,Dir A,2009,120,305.0,2025-06-19 15:15:12.508451,special,Other
user_29,yes,Timeless Journey,Comedy,Slice of Life,Betrayal,Nostalgic,16,John Doe,Dir D,2007,90,404.0,2025-06-19 12:29:12.508473,movie,Movie
user_81,yes,Sky's Edge,Sci-Fi,Slice of Life,Family Bonds,Nostalgic,13,Carlos Diaz,Dir B,2018,120,505.0,2025-06-18 20:32:12.508509,series,Series
user_8,yes,Love Circuit,Romance,Fantasy,Love,Excited,Family,Alice Lee,Dir C,2020,120,203.0,2025-06-19 16:10:12.508541,episode,Other
user_50,yes,Sky's Edge,Family,Buddy,Courage,Excited,18,Jane Smith,Dir D,1997,90,203.0,2025-06-19 11:01:12.508572,movie,Movie
user_79,no,Love Circuit,Action,Coming-of-Age,Adventure,Excited,18,John Doe,Dir A,2004,90,305.0,2025-06-19 03:28:12.508602,movie,Movie
user_58,yes,Midnight Code,Action,Fantasy,Adventure,Excited,Family,Jane Smith,Dir C,2020,120,,2025-06-19 13:13:12.508633,series,Series
user_58,no,Love Circuit,Romance,Crime,Adventure,Melancholic,Family,Alice Lee,Dir B,2009,120,101.0,2025-06-19 01:14:12.508665,special,Other
user_19,yes,Timeless Journey,Family,Slice of Life,Friendship,Melancholic,16,Alice Lee,Dir D,1992,90,101.0,2025-06-19 07:54:12.508696,episode,Other
user_98,yes,Midnight Code,Sci-Fi,Buddy,Courage,Melancholic,16,Jane Smith,Dir D,1990,90,404.0,2025-06-19 10:13:12.508727,special,Other
user_59,yes,Echoes of Youth,Thriller,Crime,Adventure,Excited,Family,Mina Patel,Dir D,1994,120,101.0,2025-06-19 08:06:12.508761,series,Series
user_78,no,Sky's Edge,Family,Crime,Family Bonds,Relaxed,Family,Carlos Diaz,Dir D,2007,60,505.0,2025-06-19 23:40:12.508796,movie,Movie
user_50,no,Midnight Code,Family,Fantasy,Love,Relaxed,18,Mina Patel,Dir C,1990,60,505.0,2025-06-19 13:27:12.508823,series,Series
user_95,yes,Echoes of Youth,Comedy,Buddy,Adventure,Nostalgic,16,Mina Patel,Dir A,2022,120,404.0,2025-06-19 09:41:12.508855,episode,Other
user_64,no,Timeless Journey,Comedy,Slice of Life,Family Bonds,Relaxed,18,Mina Patel,Dir D,2022,120,305.0,2025-06-18 20:23:12.508878,movie,Movie
user_42,no,Sky's Edge,Romance,Buddy,Love,Relaxed,13,Jane Smith,Dir C,2023,30,101.0,2025-06-19 17:35:12.508898,movie,Movie
user_8,yes,Love Circuit,Action,Buddy,Courage,Relaxed,16,Carlos Diaz,Dir B,1996,60,505.0,2025-06-19 05:54:12.508916,special,Other
user_47,yes,Midnight Code,Comedy,Coming-of-Age,Family Bonds,Melancholic,18,Carlos Diaz,Dir D,2002,45,404.0,2025-06-19 19:34:12.508935,series,Series
user_53,yes,Echoes of Youth,Romance,Slice of Life,Friendship,Melancholic,Family,Carlos Diaz,Dir C,2004,60,,2025-06-19 18:01:12.508954,special,Other
user_72,no,Timeless Journey,Sci-Fi,Coming-of-Age,Family Bonds,Nostalgic,16,Jane Smith,Dir B,2018,60,,2025-06-19 14:21:12.508973,special,Other
user_93,no,Echoes of Youth,Drama,Slice of Life,Family Bonds,Relaxed,18,Jane Smith,Dir D,2018,30,203.0,2025-06-18 18:58:12.508992,episode,Other
user_23,yes,Timeless Journey,Romance,Fantasy,Betrayal,Nostalgic,18,Jane Smith,Dir C,1990,60,203.0,2025-06-19 17:33:12.509043,special,Other
user_70,no,Sky's Edge,Romance,Coming-of-Age,Adventure,Melancholic,18,Carlos Diaz,Dir A,2007,30,,2025-06-20 09:36:12.509067,series,Series
user_4,no,Sky's Edge,Drama,Coming-of-Age,Friendship,Excited,13,John Doe,Dir C,2004,30,404.0,2025-06-19 10:02:12.509087,movie,Movie
user_47,no,Midnight Code,Thriller,Fantasy,Friendship,Melancholic,18,Carlos Diaz,Dir A,2007,30,404.0,2025-06-19 02:44:12.509105,series,Series
user_81,no,Timeless Journey,Action,Fantasy,Family Bonds,Relaxed,Family,Alice Lee,Dir D,2009,60,404.0,2025-06-19 06:57:12.509124,episode,Other
user_51,no,Love Circuit,Family,Crime,Love,Melancholic,13,Alice Lee,Dir B,1993,90,,2025-06-19 19:37:12.509142,special,Other
user_1,yes,Midnight Code,Family,Fantasy,Betrayal,Excited,16,John Doe,Dir C,2023,90,305.0,2025-06-19 23:58:12.509161,movie,Movie
user_17,no,Sky's Edge,Drama,Fantasy,Adventure,Relaxed,16,John Doe,Dir A,1997,120,404.0,2025-06-18 20:56:12.509180,movie,Movie
user_94,yes,Love Circuit,Family,Crime,Friendship,Relaxed,18,Jane Smith,Dir B,2001,30,305.0,2025-06-19 10:06:12.509206,special,Other
user_47,no,Love Circuit,Comedy,Crime,Love,Relaxed,18,Jane Smith,Dir B,2011,120,305.0,2025-06-20 18:24:12.509234,episode,Other
user_38,yes,Sky's Edge,Family,Fantasy,Courage,Excited,16,Jane Smith,Dir A,1996,60,203.0,2025-06-20 08:04:12.509254,special,Other
user_85,yes,Sky's Edge,Drama,Crime,Friendship,Melancholic,16,Mina Patel,Dir D,1990,90,203.0,2025-06-19 11:23:12.509273,episode,Other
user_33,yes,Echoes of Youth,Romance,Coming-of-Age,Adventure,Nostalgic,Family,Jane Smith,Dir A,1991,30,404.0,2025-06-20 17:20:12.509292,series,Series
user_18,no,Love Circuit,Comedy,Buddy,Friendship,Relaxed,16,Alice Lee,Dir A,1991,90,,2025-06-19 19:13:12.509314,special,Other
user_45,yes,Love Circuit,Comedy,Fantasy,Friendship,Relaxed,16,John Doe,Dir A,2008,90,305.0,2025-06-19 17:09:12.509355,special,Other
user_35,no,Midnight Code,Action,Crime,Courage,Excited,16,Alice Lee,Dir A,2002,45,101.0,2025-06-19 21:13:12.509376,series,Series
user_41,no,Love Circuit,Comedy,Coming-of-Age,Courage,Excited,13,John Doe,Dir B,1997,30,305.0,2025-06-18 20:41:12.509395,special,Other
user_88,no,Sky's Edge,Drama,Coming-of-Age,Friendship,Relaxed,18,Carlos Diaz,Dir B,2004,90,305.0,2025-06-20 08:09:12.509414,movie,Movie
user_97,yes,Midnight Code,Comedy,Slice of Life,Betrayal,Melancholic,18,Jane Smith,Dir B,1990,60,203.0,2025-06-19 00:01:12.509432,movie,Movie
user_96,no,Sky's Edge,Drama,Slice of Life,Courage,Melancholic,Family,Jane Smith,Dir A,1999,120,305.0,2025-06-20 11:15:12.511107,movie,Movie
user_71,no,Love Circuit,Action,Crime,Love,Relaxed,16,Alice Lee,Dir D,1993,30,305.0,2025-06-20 16:54:12.511183,episode,Other
user_29,yes,Love Circuit,Family,Crime,Betrayal,Melancholic,16,Jane Smith,Dir C,1999,60,101.0,2025-06-18 19:13:12.511219,movie,Movie
user_21,yes,Sky's Edge,Family,Coming-of-Age,Adventure,Relaxed,18,Jane Smith,Dir A,1990,60,,2025-06-19 12:41:12.511247,movie,Movie
user_64,yes,Love Circuit,Family,Slice of Life,Friendship,Relaxed,Family,Jane Smith,Dir B,2020,120,305.0,2025-06-20 08:14:12.511266,special,Other
user_50,no,Timeless Journey,Action,Crime,Love,Excited,Family,Jane Smith,Dir C,2021,30,404.0,2025-06-20 13:13:12.511286,movie,Movie
user_4,no,Midnight Code,Sci-Fi,Buddy,Betrayal,Relaxed,18,Jane Smith,Dir D,2010,45,203.0,2025-06-19 01:38:12.511315,special,Other
user_27,yes,Midnight Code,Drama,Crime,Friendship,Relaxed,Family,Alice Lee,Dir D,1997,45,203.0,2025-06-18 20:41:12.511349,episode,Other
user_90,yes,Love Circuit,Drama,Fantasy,Love,Excited,Family,Carlos Diaz,Dir A,1999,90,,2025-06-19 05:37:12.511379,series,Series
user_95,yes,Love Circuit,Sci-Fi,Coming-of-Age,Betrayal,Relaxed,13,Jane Smith,Dir D,2006,120,203.0,2025-06-20 04:44:12.511408,series,Series
user_48,yes,Love Circuit,Action,Slice of Life,Courage,Melancholic,13,Mina Patel,Dir B,2019,120,404.0,2025-06-19 10:47:12.511440,special,Other
user_22,yes,Love Circuit,Drama,Coming-of-Age,Friendship,Relaxed,Family,John Doe,Dir A,2023,45,505.0,2025-06-18 23:59:12.511479,episode,Other
user_33,yes,Midnight Code,Drama,Coming-of-Age,Courage,Nostalgic,13,Alice Lee,Dir C,2000,45,,2025-06-18 19:24:12.511510,series,Series
user_69,no,Midnight Code,Action,Buddy,Love,Excited,18,Mina Patel,Dir B,2015,60,305.0,2025-06-20 15:54:12.511540,episode,Other
user_51,no,Midnight Code,Sci-Fi,Slice of Life,Betrayal,Relaxed,16,Mina Patel,Dir D,2019,120,,2025-06-20 01:25:12.511560,special,Other
user_1,no,Love Circuit,Romance,Coming-of-Age,Adventure,Relaxed,16,Alice Lee,Dir C,2018,60,505.0,2025-06-20 07:07:12.511579,movie,Movie
user_14,no,Timeless Journey,Comedy,Buddy,Betrayal,Excited,Family,John Doe,Dir A,2022,90,505.0,2025-06-19 05:58:12.511598,movie,Movie
user_85,no,Love Circuit,Action,Fantasy,Adventure,Relaxed,16,Alice Lee,Dir A,1994,45,,2025-06-19 17:12:12.511625,movie,Movie
user_57,no,Midnight Code,Thriller,Slice of Life,Courage,Melancholic,13,Carlos Diaz,Dir A,2004,90,505.0,2025-06-19 10:12:12.511658,episode,Other
user_15,no,Love Circuit,Thriller,Crime,Friendship,Relaxed,Family,John Doe,Dir D,2011,90,305.0,2025-06-20 15:14:12.511681,series,Series
user_85,yes,Love Circuit,Sci-Fi,Slice of Life,Family Bonds,Excited,16,Jane Smith,Dir A,2007,120,101.0,2025-06-20 04:32:12.511713,series,Series
user_37,yes,Timeless Journey,Thriller,Buddy,Family Bonds,Excited,Family,Carlos Diaz,Dir C,2003,90,404.0,2025-06-20 13:29:12.511737,special,Other
user_22,no,Midnight Code,Sci-Fi,Coming-of-Age,Courage,Relaxed,13,Mina Patel,Dir D,2020,120,101.0,2025-06-19 05:35:12.511764,series,Series
user_97,no,Midnight Code,Romance,Fantasy,Courage,Excited,13,Carlos Diaz,Dir B,1999,90,305.0,2025-06-20 11:14:12.511792,episode,Other
user_75,no,Love Circuit,Drama,Slice of Life,Betrayal,Nostalgic,13,Mina Patel,Dir D,2012,120,,2025-06-20 07:04:12.511812,movie,Movie
user_24,no,Midnight Code,Action,Buddy,Love,Melancholic,18,John Doe,Dir D,2007,30,404.0,2025-06-19 19:27:12.511831,movie,Movie
user_74,no,Midnight Code,Sci-Fi,Crime,Friendship,Melancholic,18,Jane Smith,Dir D,1993,120,101.0,2025-06-20 06:30:12.511856,movie,Movie
user_74,yes,Timeless Journey,Thriller,Buddy,Friendship,Nostalgic,16,Alice Lee,Dir B,2003,30,505.0,2025-06-20 04:44:12.511879,movie,Movie
user_39,no,Timeless Journey,Comedy,Buddy,Friendship,Melancholic,16,Mina Patel,Dir B,1990,45,,2025-06-19 14:14:12.511897,episode,Other
user_90,yes,Love Circuit,Sci-Fi,Coming-of-Age,Courage,Excited,18,Alice Lee,Dir A,1994,30,,2025-06-19 21:05:12.511916,special,Other
user_49,yes,Sky's Edge,Action,Crime,Friendship,Relaxed,Family,Mina Patel,Dir C,2020,90,404.0,2025-06-19 12:37:12.511934,special,Other
user_20,no,Love Circuit,Sci-Fi,Coming-of-Age,Friendship,Nostalgic,13,Jane Smith,Dir A,2019,120,,2025-06-19 03:03:12.511952,movie,Movie
user_35,yes,Midnight Code,Comedy,Crime,Friendship,Excited,13,Carlos Diaz,Dir D,1991,120,101.0,2025-06-19 17:35:12.511970,movie,Movie
user_95,yes,Sky's Edge,Action,Crime,Friendship,Excited,13,Alice Lee,Dir B,2010,60,101.0,2025-06-20 02:23:12.511989,movie,Movie
user_66,yes,Sky's Edge,Drama,Buddy,Courage,Nostalgic,Family,John Doe,Dir C,2011,45,505.0,2025-06-19 09:22:12.512007,episode,Other
user_60,yes,Sky's Edge,Drama,Slice of Life,Betrayal,Nostalgic,Family,Carlos Diaz,Dir C,1996,90,101.0,2025-06-19 22:39:12.512025,series,Series
user_20,yes,Sky's Edge,Sci-Fi,Crime,Courage,Relaxed,13,Mina Patel,Dir A,2021,60,,2025-06-20 17:37:12.512043,episode,Other
user_86,no,Echoes of Youth,Comedy,Fantasy,Family Bonds,Nostalgic,18,Carlos Diaz,Dir C,1994,45,305.0,2025-06-20 06:51:12.512061,movie,Movie
user_29,yes,Midnight Code,Family,Fantasy,Courage,Relaxed,16,Mina Patel,Dir A,1993,45,305.0,2025-06-20 03:30:12.512079,special,Other
user_36,no,Sky's Edge,Thriller,Buddy,Adventure,Melancholic,18,Jane Smith,Dir A,2007,90,,2025-06-20 04:21:12.512097,special,Other
user_19,yes,Love Circuit,Drama,Coming-of-Age,Love,Relaxed,13,Alice Lee,Dir D,1996,45,203.0,2025-06-19 17:14:12.512116,movie,Movie
user_27,no,Echoes of Youth,Sci-Fi,Buddy,Courage,Melancholic,13,John Doe,Dir D,2008,120,404.0,2025-06-20 07:48:12.512137,series,Series
user_28,no,Echoes of Youth,Drama,Slice of Life,Betrayal,Nostalgic,13,Carlos Diaz,Dir A,2000,60,101.0,2025-06-19 08:00:12.512223,series,Series
user_38,yes,Timeless Journey,Action,Buddy,Family Bonds,Relaxed,Family,Carlos Diaz,Dir A,2000,30,,2025-06-20 12:26:12.512266,series,Series
user_80,yes,Echoes of Youth,Sci-Fi,Slice of Life,Friendship,Melancholic,18,Alice Lee,Dir B,2013,45,404.0,2025-06-20 08:45:12.512286,special,Other
user_60,no,Sky's Edge,Family,Buddy,Friendship,Melancholic,13,Alice Lee,Dir A,2015,90,505.0,2025-06-19 08:57:12.512304,movie,Movie
user_24,no,Love Circuit,Action,Fantasy,Betrayal,Relaxed,13,Alice Lee,Dir B,2015,45,,2025-06-18 20:01:12.512322,movie,Movie
user_92,yes,Midnight Code,Sci-Fi,Buddy,Adventure,Excited,18,Carlos Diaz,Dir B,2013,120,305.0,2025-06-19 18:58:12.512341,episode,Other
user_10,yes,Sky's Edge,Family,Fantasy,Love,Nostalgic,16,John Doe,Dir A,2007,90,203.0,2025-06-20 11:59:12.512358,movie,Movie
user_14,yes,Timeless Journey,Thriller,Coming-of-Age,Adventure,Melancholic,16,Alice Lee,Dir B,2013,60,,2025-06-20 18:53:12.512382,movie,Movie
user_59,no,Midnight Code,Drama,Crime,Family Bonds,Excited,13,Carlos Diaz,Dir B,1997,45,505.0,2025-06-19 09:29:12.512412,episode,Other
user_89,yes,Sky's Edge,Drama,Crime,Friendship,Melancholic,18,John Doe,Dir B,2002,30,305.0,2025-06-20 11:10:12.512441,special,Other
user_88,no,Sky's Edge,Sci-Fi,Buddy,Betrayal,Relaxed,Family,Mina Patel,Dir C,2023,60,203.0,2025-06-18 20:05:12.512468,series,Series
user_5,yes,Echoes of Youth,Action,Buddy,Love,Melancholic,16,Carlos Diaz,Dir A,2011,60,404.0,2025-06-20 06:18:12.512496,special,Other
user_7,no,Midnight Code,Drama,Crime,Friendship,Melancholic,18,Mina Patel,Dir B,2011,45,101.0,2025-06-19 09:17:12.512516,series,Series
user_41,no,Echoes of Youth,Comedy,Fantasy,Love,Excited,16,Jane Smith,Dir B,2010,120,203.0,2025-06-19 10:53:12.512535,series,Series
user_21,no,Midnight Code,Thriller,Slice of Life,Family Bonds,Nostalgic,13,Carlos Diaz,Dir B,2010,45,505.0,2025-06-19 07:31:12.512560,episode,Other
user_37,no,Timeless Journey,Thriller,Buddy,Betrayal,Excited,13,Jane Smith,Dir C,2020,90,203.0,2025-06-19 01:32:12.512591,special,Other
user_23,no,Love Circuit,Comedy,Crime,Love,Melancholic,16,John Doe,Dir B,2012,45,203.0,2025-06-19 05:48:12.512614,special,Other
user_14,no,Timeless Journey,Drama,Fantasy,Courage,Nostalgic,18,Alice Lee,Dir C,1995,45,203.0,2025-06-19 05:34:12.512642,movie,Movie
user_67,no,Echoes of Youth,Drama,Fantasy,Betrayal,Nostalgic,13,Carlos Diaz,Dir B,2008,60,505.0,2025-06-19 07:31:12.512676,movie,Movie
user_25,yes,Echoes of Youth,Comedy,Buddy,Friendship,Relaxed,16,Alice Lee,Dir C,1991,60,404.0,2025-06-19 07:22:12.512697,special,Other
user_87,no,Echoes of Youth,Drama,Fantasy,Family Bonds,Melancholic,Family,Jane Smith,Dir C,1994,90,101.0,2025-06-20 06:45:12.512715,movie,Movie
user_53,no,Midnight Code,Romance,Crime,Adventure,Excited,Family,Jane Smith,Dir A,2022,60,505.0,2025-06-19 12:25:12.512736,series,Series
user_33,yes,Sky's Edge,Comedy,Buddy,Courage,Melancholic,18,Mina Patel,Dir D,2003,45,,2025-06-19 16:25:12.512754,special,Other
user_66,yes,Echoes of Youth,Romance,Coming-of-Age,Adventure,Melancholic,18,Carlos Diaz,Dir A,2000,120,101.0,2025-06-19 20:37:12.512775,series,Series
user_41,no,Love Circuit,Family,Fantasy,Courage,Relaxed,Family,John Doe,Dir D,1992,45,404.0,2025-06-19 17:26:12.512806,movie,Movie
user_55,yes,Love Circuit,Thriller,Buddy,Adventure,Nostalgic,13,Alice Lee,Dir B,2000,30,203.0,2025-06-19 10:34:12.512829,series,Series
user_95,no,Timeless Journey,Sci-Fi,Coming-of-Age,Love,Nostalgic,18,Carlos Diaz,Dir C,2013,45,505.0,2025-06-20 08:22:12.512853,special,Other
user_80,yes,Midnight Code,Sci-Fi,Crime,Courage,Melancholic,Family,Carlos Diaz,Dir B,2007,60,,2025-06-18 23:07:12.512879,movie,Movie
user_89,yes,Midnight Code,Family,Slice of Life,Friendship,Melancholic,16,Alice Lee,Dir D,2020,120,203.0,2025-06-20 14:07:12.512898,movie,Movie
user_15,no,Echoes of Youth,Drama,Crime,Friendship,Relaxed,18,John Doe,Dir B,2010,90,404.0,2025-06-20 11:31:12.512921,movie,Movie
user_50,yes,Sky's Edge,Romance,Fantasy,Love,Nostalgic,16,Alice Lee,Dir D,2019,120,203.0,2025-06-19 23:59:12.512946,series,Series
user_72,yes,Echoes of Youth,Action,Slice of Life,Adventure,Melancholic,Family,Mina Patel,Dir A,2002,30,203.0,2025-06-20 09:49:12.512973,special,Other
user_96,yes,Echoes of Youth,Family,Coming-of-Age,Adventure,Melancholic,18,Carlos Diaz,Dir D,1994,60,305.0,2025-06-20 09:49:12.512996,movie,Movie
user_64,no,Midnight Code,Comedy,Buddy,Family Bonds,Melancholic,Family,Alice Lee,Dir D,2023,120,101.0,2025-06-20 18:10:12.513016,series,Series
user_13,yes,Echoes of Youth,Action,Crime,Family Bonds,Excited,Family,John Doe,Dir B,1999,60,404.0,2025-06-19 18:06:12.513035,special,Other
user_55,no,Echoes of Youth,Thriller,Coming-of-Age,Courage,Excited,16,Mina Patel,Dir D,2003,120,203.0,2025-06-18 21:56:12.513054,episode,Other
user_63,yes,Echoes of Youth,Thriller,Slice of Life,Betrayal,Nostalgic,13,John Doe,Dir C,2001,120,505.0,2025-06-20 09:50:12.513072,special,Other
user_56,no,Timeless Journey,Family,Slice of Life,Love,Relaxed,18,Carlos Diaz,Dir A,2002,60,101.0,2025-06-19 14:39:12.513090,special,Other
user_9,yes,Midnight Code,Sci-Fi,Crime,Friendship,Melancholic,16,Alice Lee,Dir D,2020,90,,2025-06-19 05:36:12.513109,series,Series
user_51,yes,Sky's Edge,Drama,Crime,Love,Nostalgic,16,Mina Patel,Dir D,2021,60,404.0,2025-06-19 23:16:12.513127,episode,Other
user_69,no,Timeless Journey,Family,Fantasy,Adventure,Relaxed,13,Jane Smith,Dir C,2002,45,505.0,2025-06-18 19:48:12.513146,episode,Other
user_50,no,Midnight Code,Action,Coming-of-Age,Friendship,Excited,16,Carlos Diaz,Dir C,2009,120,404.0,2025-06-20 16:04:12.513164,episode,Other
user_49,yes,Love Circuit,Family,Slice of Life,Family Bonds,Excited,13,Mina Patel,Dir B,2004,30,101.0,2025-06-19 08:22:12.513183,episode,Other
user_76,yes,Sky's Edge,Drama,Fantasy,Love,Excited,16,Carlos Diaz,Dir D,2005,60,404.0,2025-06-19 20:12:12.513212,movie,Movie
user_84,no,Timeless Journey,Comedy,Buddy,Betrayal,Relaxed,16,Mina Patel,Dir B,2001,45,505.0,2025-06-19 07:00:12.513245,special,Other
user_37,no,Love Circuit,Comedy,Coming-of-Age,Courage,Excited,18,Carlos Diaz,Dir B,2011,30,505.0,2025-06-20 15:50:12.513265,special,Other
user_13,no,Sky's Edge,Sci-Fi,Crime,Betrayal,Excited,18,Jane Smith,Dir A,1994,45,404.0,2025-06-19 00:00:12.513283,series,Series
user_98,no,Sky's Edge,Thriller,Slice of Life,Adventure,Nostalgic,13,Alice Lee,Dir B,2006,45,,2025-06-18 19:04:12.513302,movie,Movie
user_7,yes,Love Circuit,Action,Slice of Life,Friendship,Relaxed,16,Carlos Diaz,Dir B,1990,45,305.0,2025-06-18 20:22:12.513321,special,Other
user_65,yes,Timeless Journey,Comedy,Slice of Life,Adventure,Melancholic,16,Carlos Diaz,Dir C,1991,30,305.0,2025-06-19 03:00:12.513341,series,Series
user_17,no,Love Circuit,Drama,Slice of Life,Family Bonds,Nostalgic,13,Carlos Diaz,Dir C,2021,60,305.0,2025-06-20 10:56:12.513360,episode,Other
user_98,no,Sky's Edge,Comedy,Slice of Life,Adventure,Melancholic,Family,Carlos Diaz,Dir D,2020,45,305.0,2025-06-19 07:02:12.513381,movie,Movie
user_38,yes,Love Circuit,Sci-Fi,Buddy,Friendship,Relaxed,18,Carlos Diaz,Dir D,2008,90,404.0,2025-06-20 11:54:12.513399,movie,Movie
user_69,no,Midnight Code,Family,Fantasy,Betrayal,Relaxed,Family,Carlos Diaz,Dir B,1992,30,505.0,2025-06-19 20:25:12.513422,series,Series
user_16,no,Love Circuit,Comedy,Fantasy,Friendship,Nostalgic,13,John Doe,Dir C,2017,120,505.0,2025-06-19 04:57:12.513449,special,Other
user_96,yes,Echoes of Youth,Thriller,Crime,Love,Nostalgic,Family,Alice Lee,Dir C,2007,60,505.0,2025-06-20 02:20:12.513477,movie,Movie
user_12,yes,Love Circuit,Family,Coming-of-Age,Family Bonds,Relaxed,16,Mina Patel,Dir D,2008,30,505.0,2025-06-20 03:04:12.513507,series,Series
user_17,yes,Midnight Code,Sci-Fi,Buddy,Courage,Relaxed,18,Mina Patel,Dir C,2009,60,,2025-06-19 11:16:12.513537,episode,Other
user_72,yes,Timeless Journey,Drama,Fantasy,Friendship,Relaxed,Family,Carlos Diaz,Dir B,2003,30,305.0,2025-06-19 23:54:12.513570,special,Other
user_53,no,Sky's Edge,Comedy,Slice of Life,Betrayal,Melancholic,16,John Doe,Dir B,1997,120,,2025-06-19 04:32:12.513600,series,Series
user_33,no,Midnight Code,Romance,Buddy,Courage,Excited,13,Jane Smith,Dir D,1993,60,404.0,2025-06-19 23:03:12.513619,movie,Movie
user_3,no,Timeless Journey,Romance,Slice of Life,Family Bonds,Excited,Family,John Doe,Dir C,1992,30,505.0,2025-06-19 12:45:12.513645,movie,Movie
user_84,yes,Echoes of Youth,Family,Slice of Life,Adventure,Nostalgic,18,Alice Lee,Dir D,2021,45,,2025-06-19 04:38:12.513672,movie,Movie
user_41,no,Love Circuit,Sci-Fi,Buddy,Courage,Relaxed,18,Jane Smith,Dir B,2004,45,404.0,2025-06-19 11:13:12.513690,movie,Movie
user_35,yes,Love Circuit,Action,Crime,Betrayal,Relaxed,Family,Jane Smith,Dir D,2023,30,,2025-06-19 18:12:12.513709,movie,Movie
user_45,yes,Echoes of Youth,Romance,Buddy,Courage,Nostalgic,16,Carlos Diaz,Dir B,1991,45,203.0,2025-06-20 17:33:12.513742,episode,Other
user_76,no,Sky's Edge,Romance,Slice of Life,Courage,Excited,16,John Doe,Dir A,2014,90,404.0,2025-06-19 01:55:12.513767,episode,Other
user_89,yes,Echoes of Youth,Action,Fantasy,Courage,Relaxed,13,John Doe,Dir D,2000,60,305.0,2025-06-20 14:59:12.513786,movie,Movie
user_26,no,Timeless Journey,Sci-Fi,Fantasy,Friendship,Relaxed,16,Mina Patel,Dir B,2018,30,505.0,2025-06-19 11:06:12.513804,special,Other
user_61,no,Echoes of Youth,Sci-Fi,Crime,Courage,Excited,16,Jane Smith,Dir A,2008,60,,2025-06-19 08:35:12.513823,special,Other
user_74,no,Echoes of Youth,Family,Coming-of-Age,Family Bonds,Nostalgic,16,Jane Smith,Dir B,1998,60,101.0,2025-06-19 13:52:12.513841,movie,Movie
user_79,yes,Midnight Code,Family,Coming-of-Age,Friendship,Relaxed,18,Mina Patel,Dir C,2006,60,404.0,2025-06-19 20:22:12.513861,episode,Other
user_55,no,Sky's Edge,Family,Coming-of-Age,Courage,Nostalgic,Family,Jane Smith,Dir C,2001,60,505.0,2025-06-20 02:12:12.513884,episode,Other
user_98,yes,Sky's Edge,Drama,Crime,Courage,Melancholic,Family,John Doe,Dir A,2022,30,404.0,2025-06-19 19:59:12.513910,episode,Other
user_87,yes,Timeless Journey,Comedy,Slice of Life,Betrayal,Nostalgic,13,Jane Smith,Dir A,2017,60,,2025-06-18 22:06:12.513933,series,Series
user_46,no,Love Circuit,Action,Crime,Courage,Relaxed,18,John Doe,Dir C,2010,120,404.0,2025-06-19 19:30:12.513957,special,Other
user_34,yes,Midnight Code,Thriller,Crime,Adventure,Melancholic,18,Mina Patel,Dir D,2000,90,404.0,2025-06-20 12:45:12.513975,movie,Movie
user_50,no,Timeless Journey,Action,Fantasy,Family Bonds,Excited,16,Alice Lee,Dir C,2017,30,305.0,2025-06-19 05:19:12.514003,series,Series
user_84,no,Echoes of Youth,Comedy,Coming-of-Age,Betrayal,Excited,13,Carlos Diaz,Dir C,2009,60,101.0,2025-06-20 04:22:12.514024,special,Other
user_55,no,Timeless Journey,Action,Crime,Family Bonds,Excited,13,Carlos Diaz,Dir D,2005,45,203.0,2025-06-20 00:34:12.514045,movie,Movie
user_81,no,Midnight Code,Romance,Crime,Betrayal,Nostalgic,18,Carlos Diaz,Dir A,2002,60,404.0,2025-06-20 18:45:12.514078,movie,Movie
user_74,no,Timeless Journey,Romance,Buddy,Betrayal,Relaxed,13,Jane Smith,Dir C,2018,120,305.0,2025-06-19 22:12:12.514097,special,Other
user_16,no,Midnight Code,Romance,Fantasy,Friendship,Nostalgic,16,Jane Smith,Dir C,2009,60,505.0,2025-06-19 15:10:12.514115,episode,Other
user_30,no,Timeless Journey,Romance,Crime,Love,Excited,Family,John Doe,Dir B,2017,30,305.0,2025-06-19 05:01:12.514133,episode,Other
user_76,yes,Sky's Edge,Action,Fantasy,Adventure,Excited,16,Alice Lee,Dir C,2020,30,101.0,2025-06-19 16:32:12.514151,special,Other
user_98,yes,Midnight Code,Family,Fantasy,Adventure,Nostalgic,Family,Jane Smith,Dir B,2007,45,,2025-06-18 21:55:12.514169,movie,Movie
user_84,no,Timeless Journey,Drama,Buddy,Friendship,Relaxed,16,Mina Patel,Dir D,2012,90,,2025-06-20 18:09:12.514187,special,Other
user_18,no,Love Circuit,Romance,Coming-of-Age,Courage,Nostalgic,Family,Carlos Diaz,Dir D,2009,90,,2025-06-19 02:39:12.514205,episode,Other
user_91,no,Midnight Code,Romance,Crime,Family Bonds,Melancholic,13,Mina Patel,Dir B,1997,30,,2025-06-20 10:03:12.514225,episode,Other
user_46,no,Echoes of Youth,Thriller,Coming-of-Age,Friendship,Melancholic,16,Carlos Diaz,Dir B,2000,45,505.0,2025-06-19 10:06:12.514252,movie,Movie
user_71,yes,Midnight Code,Drama,Coming-of-Age,Courage,Excited,Family,Mina Patel,Dir A,2008,30,101.0,2025-06-20 14:47:12.514271,special,Other
user_96,no,Love Circuit,Sci-Fi,Fantasy,Friendship,Melancholic,18,Alice Lee,Dir C,1997,60,101.0,2025-06-19 06:01:12.514294,special,Other
user_69,no,Love Circuit,Sci-Fi,Crime,Love,Relaxed,13,John Doe,Dir D,1997,90,305.0,2025-06-18 21:45:12.514325,episode,Other
user_41,yes,Sky's Edge,Thriller,Buddy,Family Bonds,Melancholic,18,John Doe,Dir A,2019,60,,2025-06-20 10:31:12.514346,movie,Movie
user_32,no,Timeless Journey,Family,Coming-of-Age,Family Bonds,Relaxed,Family,Mina Patel,Dir B,2006,45,203.0,2025-06-20 03:14:12.514364,episode,Other
user_85,no,Love Circuit,Family,Slice of Life,Love,Relaxed,13,Jane Smith,Dir B,2013,120,203.0,2025-06-19 04:45:12.514382,episode,Other
user_26,yes,Sky's Edge,Thriller,Fantasy,Betrayal,Relaxed,13,Mina Patel,Dir A,2013,30,305.0,2025-06-20 15:42:12.514400,series,Series
user_31,no,Echoes of Youth,Comedy,Fantasy,Friendship,Excited,Family,Alice Lee,Dir D,2012,60,101.0,2025-06-19 20:08:12.514418,movie,Movie
user_5,no,Echoes of Youth,Comedy,Buddy,Adventure,Relaxed,16,Mina Patel,Dir A,2019,60,505.0,2025-06-19 16:55:12.514435,special,Other
user_85,yes,Love Circuit,Thriller,Fantasy,Love,Excited,16,John Doe,Dir A,2014,60,505.0,2025-06-20 18:36:12.514453,series,Series
user_1,no,Midnight Code,Romance,Buddy,Betrayal,Nostalgic,Family,Mina Patel,Dir D,2006,90,,2025-06-18 23:50:12.514471,series,Series
user_85,no,Sky's Edge,Family,Crime,Adventure,Excited,18,Jane Smith,Dir B,2011,90,305.0,2025-06-18 22:00:12.514490,special,Other
user_100,yes,Midnight Code,Sci-Fi,Crime,Adventure,Relaxed,16,Carlos Diaz,Dir A,1996,90,404.0,2025-06-20 06:47:12.514509,episode,Other
user_48,yes,Sky's Edge,Thriller,Buddy,Love,Nostalgic,Family,Mina Patel,Dir B,2011,60,203.0,2025-06-19 15:09:12.514527,episode,Other
user_57,yes,Midnight Code,Romance,Fantasy,Courage,Excited,18,John Doe,Dir C,2010,90,203.0,2025-06-19 01:02:12.514549,movie,Movie
user_27,yes,Timeless Journey,Thriller,Coming-of-Age,Love,Nostalgic,Family,Mina Patel,Dir D,2007,90,,2025-06-19 21:29:12.514577,movie,Movie
user_96,yes,Timeless Journey,Comedy,Coming-of-Age,Love,Relaxed,13,John Doe,Dir C,1990,45,,2025-06-20 04:00:12.514597,special,Other
user_58,yes,Timeless Journey,Sci-Fi,Buddy,Adventure,Melancholic,Family,John Doe,Dir C,1999,120,101.0,2025-06-20 02:11:12.514616,special,Other
user_36,no,Midnight Code,Drama,Buddy,Courage,Melancholic,Family,Mina Patel,Dir A,2021,45,203.0,2025-06-19 17:56:12.514634,series,Series
user_96,no,Sky's Edge,Action,Fantasy,Family Bonds,Excited,13,Jane Smith,Dir C,2005,30,404.0,2025-06-20 02:05:12.514652,episode,Other
user_37,no,Sky's Edge,Action,Buddy,Courage,Nostalgic,18,Alice Lee,Dir C,2014,120,203.0,2025-06-20 08:29:12.514670,movie,Movie
user_38,no,Midnight Code,Drama,Crime,Adventure,Excited,18,Jane Smith,Dir D,2001,45,203.0,2025-06-19 01:44:12.514690,episode,Other
user_38,no,Love Circuit,Drama,Slice of Life,Adventure,Relaxed,13,Jane Smith,Dir B,2010,120,505.0,2025-06-20 02:03:12.514714,special,Other
user_21,yes,Love Circuit,Action,Buddy,Betrayal,Nostalgic,16,Mina Patel,Dir B,2001,30,203.0,2025-06-20 16:12:12.514739,series,Series
user_100,no,Midnight Code,Sci-Fi,Crime,Family Bonds,Nostalgic,Family,Mina Patel,Dir B,1998,60,101.0,2025-06-20 00:55:12.514758,series,Series
user_42,yes,Timeless Journey,Comedy,Fantasy,Adventure,Excited,18,John Doe,Dir D,1995,45,101.0,2025-06-20 03:11:12.514775,special,Other
user_20,yes,Timeless Journey,Sci-Fi,Coming-of-Age,Betrayal,Melancholic,16,Carlos Diaz,Dir B,2003,90,404.0,2025-06-19 16:38:12.514796,special,Other
user_30,no,Midnight Code,Action,Coming-of-Age,Friendship,Nostalgic,16,Jane Smith,Dir A,2017,120,505.0,2025-06-20 17:09:12.514826,episode,Other
user_64,no,Sky's Edge,Drama,Buddy,Friendship,Nostalgic,13,Carlos Diaz,Dir C,1997,30,505.0,2025-06-20 05:17:12.514846,episode,Other
user_49,yes,Midnight Code,Romance,Coming-of-Age,Love,Excited,18,Mina Patel,Dir D,2023,45,,2025-06-19 02:58:12.514864,episode,Other
user_53,no,Echoes of Youth,Comedy,Crime,Family Bonds,Melancholic,13,Jane Smith,Dir C,2010,90,505.0,2025-06-20 00:10:12.514882,episode,Other
user_96,no,Echoes of Youth,Family,Buddy,Betrayal,Melancholic,13,Carlos Diaz,Dir C,1996,30,,2025-06-20 09:25:12.514900,episode,Other
user_91,no,Sky's Edge,Family,Coming-of-Age,Adventure,Nostalgic,16,Mina Patel,Dir A,2002,60,505.0,2025-06-20 10:36:12.514918,special,Other
user_28,yes,Love Circuit,Family,Fantasy,Love,Excited,18,Alice Lee,Dir B,2021,45,505.0,2025-06-20 15:38:12.514936,movie,Movie
user_40,yes,Midnight Code,Drama,Slice of Life,Courage,Relaxed,13,Carlos Diaz,Dir B,2013,60,404.0,2025-06-19 23:10:12.514964,movie,Movie
user_27,no,Echoes of Youth,Action,Slice of Life,Family Bonds,Excited,13,Alice Lee,Dir D,1999,60,404.0,2025-06-20 11:09:12.514983,series,Series
user_47,no,Timeless Journey,Romance,Buddy,Family Bonds,Relaxed,13,Jane Smith,Dir C,2009,45,505.0,2025-06-19 13:13:12.515005,special,Other
user_6,no,Love Circuit,Drama,Buddy,Family Bonds,Melancholic,Family,Jane Smith,Dir D,1994,90,404.0,2025-06-20 04:09:12.515030,special,Other
user_10,no,Love Circuit,Family,Crime,Friendship,Relaxed,Family,John Doe,Dir A,2003,60,505.0,2025-06-20 14:04:12.515049,series,Series
user_39,no,Timeless Journey,Action,Buddy,Courage,Relaxed,18,Alice Lee,Dir B,2013,30,203.0,2025-06-20 18:36:12.515076,series,Series
user_86,yes,Echoes of Youth,Thriller,Buddy,Adventure,Melancholic,18,Jane Smith,Dir B,2022,30,,2025-06-19 21:41:12.515098,movie,Movie
user_93,no,Sky's Edge,Comedy,Fantasy,Family Bonds,Relaxed,Family,Mina Patel,Dir C,2008,30,,2025-06-19 04:10:12.515115,movie,Movie
user_80,yes,Love Circuit,Family,Fantasy,Love,Nostalgic,13,John Doe,Dir A,2005,60,,2025-06-19 09:55:12.515134,movie,Movie
user_12,no,Love Circuit,Sci-Fi,Fantasy,Love,Relaxed,Family,Mina Patel,Dir A,1991,60,203.0,2025-06-19 22:00:12.515152,movie,Movie
user_1,yes,Midnight Code,Sci-Fi,Slice of Life,Family Bonds,Melancholic,Family,Carlos Diaz,Dir A,1995,30,101.0,2025-06-20 11:24:12.515170,series,Series
user_57,no,Timeless Journey,Comedy,Buddy,Friendship,Nostalgic,16,Alice Lee,Dir D,2013,60,101.0,2025-06-19 22:18:12.515193,series,Series
user_52,yes,Sky's Edge,Family,Slice of Life,Love,Excited,Family,Alice Lee,Dir D,1999,30,505.0,2025-06-19 18:25:12.515219,series,Series
user_34,no,Sky's Edge,Action,Coming-of-Age,Friendship,Relaxed,13,Alice Lee,Dir C,2012,45,203.0,2025-06-19 08:01:12.515237,special,Other
user_49,no,Timeless Journey,Family,Fantasy,Betrayal,Nostalgic,13,Jane Smith,Dir C,1999,45,404.0,2025-06-19 03:25:12.515256,special,Other
user_60,yes,Timeless Journey,Drama,Crime,Love,Excited,18,Carlos Diaz,Dir A,2000,30,203.0,2025-06-19 06:49:12.515274,series,Series
user_68,no,Love Circuit,Sci-Fi,Slice of Life,Adventure,Melancholic,16,Jane Smith,Dir B,2010,60,,2025-06-19 06:34:12.515292,movie,Movie
user_30,yes,Sky's Edge,Romance,Coming-of-Age,Betrayal,Melancholic,13,John Doe,Dir C,2023,120,505.0,2025-06-19 04:12:12.515319,series,Series
user_4,yes,Love Circuit,Sci-Fi,Buddy,Friendship,Nostalgic,16,Alice Lee,Dir C,2016,120,203.0,2025-06-20 12:31:12.515339,movie,Movie
user_40,no,Midnight Code,Drama,Fantasy,Betrayal,Melancholic,16,Mina Patel,Dir C,2017,90,101.0,2025-06-20 05:51:12.515357,episode,Other
user_73,yes,Echoes of Youth,Family,Crime,Family Bonds,Nostalgic,13,Carlos Diaz,Dir B,2015,45,,2025-06-19 23:17:12.515380,episode,Other
user_83,no,Love Circuit,Sci-Fi,Fantasy,Love,Relaxed,13,Jane Smith,Dir D,2009,60,,2025-06-20 06:52:12.515408,episode,Other
user_71,no,Echoes of Youth,Action,Slice of Life,Love,Nostalgic,18,Carlos Diaz,Dir A,2023,45,305.0,2025-06-19 20:46:12.515428,special,Other
user_51,yes,Midnight Code,Sci-Fi,Coming-of-Age,Family Bonds,Melancholic,Family,Alice Lee,Dir C,1996,90,505.0,2025-06-19 13:42:12.515446,series,Series
user_8,yes,Midnight Code,Thriller,Slice of Life,Friendship,Excited,Family,John Doe,Dir A,1995,90,505.0,2025-06-19 23:07:12.515469,movie,Movie
user_24,no,Love Circuit,Action,Coming-of-Age,Betrayal,Melancholic,Family,Mina Patel,Dir A,2012,30,203.0,2025-06-19 12:35:12.515493,special,Other
user_25,no,Midnight Code,Sci-Fi,Fantasy,Betrayal,Relaxed,13,Carlos Diaz,Dir B,1996,120,404.0,2025-06-20 18:14:12.515511,episode,Other
user_64,yes,Sky's Edge,Comedy,Crime,Courage,Excited,Family,Mina Patel,Dir A,2004,30,,2025-06-19 17:30:12.515529,episode,Other
user_33,yes,Midnight Code,Action,Slice of Life,Betrayal,Melancholic,Family,Alice Lee,Dir B,1999,120,305.0,2025-06-19 15:35:12.515548,series,Series
user_32,yes,Sky's Edge,Comedy,Slice of Life,Love,Excited,18,Jane Smith,Dir A,2006,120,305.0,2025-06-20 03:56:12.515573,series,Series
user_67,yes,Timeless Journey,Romance,Fantasy,Love,Nostalgic,13,Carlos Diaz,Dir B,1999,90,,2025-06-20 02:30:12.515598,series,Series
user_81,yes,Timeless Journey,Drama,Slice of Life,Adventure,Melancholic,16,Alice Lee,Dir D,1992,45,305.0,2025-06-20 06:13:12.515619,movie,Movie
user_88,no,Timeless Journey,Family,Buddy,Courage,Relaxed,18,Alice Lee,Dir D,2014,90,,2025-06-18 22:47:12.515649,special,Other
user_50,no,Sky's Edge,Thriller,Crime,Adventure,Relaxed,13,Carlos Diaz,Dir B,2017,45,,2025-06-19 07:28:12.515675,special,Other
user_75,yes,Love Circuit,Thriller,Slice of Life,Adventure,Melancholic,18,Alice Lee,Dir C,2000,45,505.0,2025-06-20 10:11:12.515694,movie,Movie
user_96,yes,Midnight Code,Romance,Slice of Life,Family Bonds,Relaxed,Family,Mina Patel,Dir D,2016,60,101.0,2025-06-19 23:22:12.515712,series,Series
user_44,yes,Love Circuit,Action,Buddy,Courage,Melancholic,13,Jane Smith,Dir B,2015,90,203.0,2025-06-20 15:25:12.515740,movie,Movie
user_14,no,Midnight Code,Sci-Fi,Crime,Love,Nostalgic,16,Jane Smith,Dir A,1996,90,101.0,2025-06-20 12:48:12.515759,series,Series
user_1,yes,Love Circuit,Thriller,Slice of Life,Love,Nostalgic,Family,Mina Patel,Dir A,2022,60,101.0,2025-06-19 13:51:12.515782,movie,Movie
user_62,no,Sky's Edge,Drama,Fantasy,Courage,Relaxed,13,John Doe,Dir C,2022,90,203.0,2025-06-19 01:00:12.515811,series,Series
user_36,yes,Midnight Code,Sci-Fi,Coming-of-Age,Friendship,Melancholic,18,Jane Smith,Dir D,1996,120,505.0,2025-06-20 14:34:12.515830,special,Other
user_43,no,Midnight Code,Comedy,Coming-of-Age,Betrayal,Excited,18,Alice Lee,Dir C,2005,120,,2025-06-19 09:04:12.515852,series,Series
user_11,no,Sky's Edge,Thriller,Slice of Life,Adventure,Relaxed,18,John Doe,Dir C,2018,90,404.0,2025-06-18 22:23:12.515879,series,Series
user_67,yes,Love Circuit,Action,Slice of Life,Love,Nostalgic,Family,Jane Smith,Dir D,2018,90,505.0,2025-06-19 09:54:12.515897,episode,Other
user_35,yes,Echoes of Youth,Action,Buddy,Family Bonds,Relaxed,16,Mina Patel,Dir B,2000,45,505.0,2025-06-20 06:16:12.515916,series,Series
user_1,yes,Midnight Code,Family,Coming-of-Age,Betrayal,Excited,18,Carlos Diaz,Dir A,2017,60,203.0,2025-06-20 11:06:12.515935,movie,Movie
user_29,yes,Sky's Edge,Drama,Slice of Life,Friendship,Nostalgic,16,Mina Patel,Dir D,2014,30,505.0,2025-06-18 20:45:12.515953,special,Other
user_15,no,Echoes of Youth,Action,Coming-of-Age,Adventure,Relaxed,Family,Jane Smith,Dir B,2008,45,,2025-06-20 00:36:12.515971,movie,Movie
user_43,no,Love Circuit,Action,Fantasy,Family Bonds,Nostalgic,18,John Doe,Dir C,2007,60,203.0,2025-06-19 04:15:12.515989,special,Other
user_27,no,Midnight Code,Sci-Fi,Slice of Life,Love,Excited,13,Mina Patel,Dir C,2011,30,305.0,2025-06-20 03:16:12.516008,movie,Movie
user_91,yes,Echoes of Youth,Drama,Slice of Life,Courage,Nostalgic,Family,Jane Smith,Dir B,2012,90,,2025-06-19 06:34:12.516035,series,Series
user_82,no,Sky's Edge,Sci-Fi,Coming-of-Age,Friendship,Melancholic,Family,Mina Patel,Dir D,2013,45,305.0,2025-06-19 02:12:12.516056,series,Series
user_80,yes,Sky's Edge,Comedy,Slice of Life,Love,Nostalgic,Family,Alice Lee,Dir D,2008,30,505.0,2025-06-18 19:52:12.516074,episode,Other
user_71,no,Sky's Edge,Action,Crime,Love,Nostalgic,18,John Doe,Dir A,2015,60,,2025-06-19 20:04:12.516101,movie,Movie
user_96,yes,Sky's Edge,Comedy,Crime,Friendship,Nostalgic,Family,Mina Patel,Dir C,1996,30,101.0,2025-06-20 16:12:12.516122,special,Other
user_43,no,Love Circuit,Family,Buddy,Adventure,Excited,Family,Carlos Diaz,Dir D,2010,60,,2025-06-19 04:42:12.516142,episode,Other
user_98,yes,Sky's Edge,Romance,Crime,Family Bonds,Melancholic,Family,Carlos Diaz,Dir B,2020,120,505.0,2025-06-19 13:17:12.516190,episode,Other
user_100,yes,Sky's Edge,Thriller,Crime,Friendship,Nostalgic,13,Alice Lee,Dir C,2000,60,505.0,2025-06-19 07:36:12.516221,series,Series
user_8,no,Timeless Journey,Drama,Buddy,Adventure,Excited,Family,Carlos Diaz,Dir A,2020,30,505.0,2025-06-20 17:02:12.516251,episode,Other
user_64,yes,Love Circuit,Romance,Slice of Life,Betrayal,Relaxed,18,John Doe,Dir C,2005,60,,2025-06-20 15:23:12.516277,movie,Movie
user_28,no,Sky's Edge,Thriller,Fantasy,Betrayal,Excited,16,Carlos Diaz,Dir C,1996,120,404.0,2025-06-20 01:58:12.516295,series,Series
user_9,yes,Sky's Edge,Sci-Fi,Coming-of-Age,Family Bonds,Nostalgic,18,Alice Lee,Dir B,2006,120,,2025-06-20 05:20:12.516313,series,Series
user_72,no,Midnight Code,Action,Crime,Adventure,Melancholic,13,Jane Smith,Dir A,2014,60,404.0,2025-06-18 19:28:12.516331,movie,Movie
user_63,yes,Sky's Edge,Romance,Buddy,Family Bonds,Nostalgic,Family,Mina Patel,Dir B,2003,45,305.0,2025-06-20 02:28:12.516350,episode,Other
user_80,no,Echoes of Youth,Drama,Slice of Life,Betrayal,Excited,13,Jane Smith,Dir D,2015,60,505.0,2025-06-20 02:46:12.516371,series,Series
user_82,yes,Midnight Code,Family,Coming-of-Age,Betrayal,Nostalgic,18,Jane Smith,Dir B,2016,30,,2025-06-20 14:20:12.516396,episode,Other
user_99,no,Sky's Edge,Sci-Fi,Crime,Betrayal,Melancholic,Family,John Doe,Dir B,1994,45,203.0,2025-06-20 03:32:12.516415,episode,Other
user_36,no,Echoes of Youth,Comedy,Fantasy,Adventure,Nostalgic,18,Mina Patel,Dir A,1997,45,,2025-06-20 08:47:12.516434,special,Other
user_54,yes,Echoes of Youth,Romance,Crime,Courage,Melancholic,Family,Alice Lee,Dir B,2017,60,404.0,2025-06-19 03:49:12.516459,movie,Movie
user_96,no,Timeless Journey,Romance,Coming-of-Age,Friendship,Relaxed,Family,Jane Smith,Dir C,1990,45,,2025-06-19 19:03:12.516494,special,Other
user_69,no,Love Circuit,Thriller,Fantasy,Betrayal,Relaxed,13,John Doe,Dir B,1993,120,203.0,2025-06-20 12:56:12.516513,series,Series
user_72,no,Timeless Journey,Thriller,Buddy,Betrayal,Nostalgic,16,John Doe,Dir B,2006,45,,2025-06-19 21:38:12.516531,series,Series
user_76,no,Midnight Code,Drama,Buddy,Courage,Relaxed,13,Mina Patel,Dir D,2023,30,305.0,2025-06-19 22:58:12.516548,episode,Other
user_53,no,Echoes of Youth,Thriller,Crime,Betrayal,Relaxed,18,Carlos Diaz,Dir D,1993,60,505.0,2025-06-19 07:46:12.516566,movie,Movie
user_70,yes,Echoes of Youth,Drama,Fantasy,Courage,Melancholic,16,John Doe,Dir A,2003,60,101.0,2025-06-19 19:37:12.516583,episode,Other
user_36,no,Midnight Code,Sci-Fi,Buddy,Friendship,Relaxed,18,Carlos Diaz,Dir A,1996,30,101.0,2025-06-18 21:19:12.516601,movie,Movie
user_56,no,Sky's Edge,Thriller,Coming-of-Age,Adventure,Melancholic,18,John Doe,Dir D,2007,120,305.0,2025-06-19 07:48:12.516620,movie,Movie
user_100,yes,Sky's Edge,Action,Coming-of-Age,Friendship,Relaxed,Family,Alice Lee,Dir D,1999,90,,2025-06-19 20:09:12.516638,episode,Other
user_57,yes,Echoes of Youth,Action,Coming-of-Age,Courage,Excited,13,Jane Smith,Dir C,2004,90,305.0,2025-06-18 23:30:12.516656,movie,Movie
user_19,no,Sky's Edge,Drama,Slice of Life,Adventure,Nostalgic,16,John Doe,Dir B,2012,90,505.0,2025-06-19 03:37:12.516675,special,Other
user_18,no,Midnight Code,Comedy,Crime,Love,Relaxed,13,Alice Lee,Dir B,2022,120,101.0,2025-06-19 21:57:12.516696,movie,Movie
user_3,no,Timeless Journey,Action,Buddy,Love,Melancholic,Family,Carlos Diaz,Dir A,2023,120,404.0,2025-06-19 07:16:12.516726,series,Series
user_35,yes,Midnight Code,Thriller,Slice of Life,Courage,Melancholic,Family,Carlos Diaz,Dir D,1995,120,101.0,2025-06-19 18:00:12.516747,movie,Movie
user_75,yes,Love Circuit,Comedy,Fantasy,Adventure,Nostalgic,Family,Alice Lee,Dir A,2011,120,101.0,2025-06-19 22:00:12.516768,series,Series
user_80,no,Sky's Edge,Drama,Coming-of-Age,Love,Melancholic,18,Mina Patel,Dir D,1997,60,101.0,2025-06-20 01:44:12.516789,episode,Other
user_84,no,Midnight Code,Thriller,Buddy,Betrayal,Excited,18,John Doe,Dir D,1998,45,101.0,2025-06-19 15:00:12.516815,special,Other
user_62,yes,Love Circuit,Action,Coming-of-Age,Friendship,Melancholic,Family,Carlos Diaz,Dir C,1997,45,,2025-06-19 01:23:12.516841,movie,Movie
user_34,no,Sky's Edge,Drama,Coming-of-Age,Love,Relaxed,16,Jane Smith,Dir C,2015,30,305.0,2025-06-19 01:48:12.517098,episode,Other
user_27,yes,Midnight Code,Romance,Slice of Life,Betrayal,Nostalgic,16,Carlos Diaz,Dir D,2011,60,505.0,2025-06-20 15:32:12.517140,episode,Other
user_34,yes,Midnight Code,Family,Buddy,Friendship,Melancholic,Family,Mina Patel,Dir A,2010,90,404.0,2025-06-20 14:07:12.517175,movie,Movie
user_24,yes,Echoes of Youth,Drama,Slice of Life,Courage,Nostalgic,Family,Mina Patel,Dir B,2007,45,505.0,2025-06-19 04:57:12.517197,series,Series
user_28,yes,Midnight Code,Action,Slice of Life,Family Bonds,Nostalgic,16,Carlos Diaz,Dir C,2002,30,,2025-06-19 16:35:12.517216,movie,Movie
user_19,no,Echoes of Youth,Thriller,Coming-of-Age,Betrayal,Nostalgic,18,Carlos Diaz,Dir D,1995,30,101.0,2025-06-20 05:54:12.517235,series,Series
user_20,no,Timeless Journey,Thriller,Buddy,Love,Excited,Family,Alice Lee,Dir C,1995,60,305.0,2025-06-19 22:47:12.517253,series,Series
user_96,no,Echoes of Youth,Comedy,Coming-of-Age,Betrayal,Nostalgic,16,John Doe,Dir A,2011,90,505.0,2025-06-18 22:40:12.517272,movie,Movie
user_12,yes,Echoes of Youth,Comedy,Buddy,Friendship,Melancholic,16,Mina Patel,Dir D,1994,120,203.0,2025-06-20 05:52:12.517290,episode,Other
user_73,yes,Timeless Journey,Romance,Fantasy,Friendship,Relaxed,Family,Alice Lee,Dir C,2001,120,305.0,2025-06-19 11:06:12.517309,episode,Other
user_4,yes,Midnight Code,Action,Buddy,Love,Excited,Family,John Doe,Dir B,1994,120,203.0,2025-06-19 20:43:12.517328,episode,Other
user_39,no,Love Circuit,Sci-Fi,Crime,Family Bonds,Nostalgic,16,John Doe,Dir B,2010,60,101.0,2025-06-19 13:01:12.517347,series,Series
user_83,no,Love Circuit,Romance,Buddy,Family Bonds,Melancholic,Family,Carlos Diaz,Dir B,1997,45,505.0,2025-06-20 14:16:12.517369,movie,Movie
user_20,yes,Timeless Journey,Family,Crime,Friendship,Relaxed,18,Mina Patel,Dir B,2019,90,101.0,2025-06-18 20:49:12.517401,movie,Movie
user_31,no,Sky's Edge,Romance,Slice of Life,Family Bonds,Excited,13,Carlos Diaz,Dir D,2013,30,505.0,2025-06-18 19:12:12.517436,special,Other
user_10,no,Echoes of Youth,Drama,Coming-of-Age,Adventure,Relaxed,18,Jane Smith,Dir A,1990,60,101.0,2025-06-19 05:21:12.517458,special,Other
user_81,no,Love Circuit,Family,Fantasy,Love,Relaxed,13,Jane Smith,Dir D,2023,30,203.0,2025-06-19 01:58:12.517485,special,Other
user_46,no,Timeless Journey,Family,Coming-of-Age,Love,Melancholic,Family,Alice Lee,Dir C,2003,60,203.0,2025-06-20 08:59:12.517505,movie,Movie
user_9,no,Love Circuit,Family,Coming-of-Age,Betrayal,Melancholic,16,Mina Patel,Dir D,2002,120,,2025-06-20 05:36:12.517524,special,Other
user_84,no,Echoes of Youth,Family,Fantasy,Friendship,Excited,18,John Doe,Dir B,2009,30,,2025-06-20 16:25:12.517554,series,Series
user_60,no,Echoes of Youth,Thriller,Fantasy,Love,Melancholic,13,Mina Patel,Dir B,2022,90,404.0,2025-06-19 08:54:12.517575,series,Series
user_1,yes,Timeless Journey,Sci-Fi,Slice of Life,Love,Excited,Family,Carlos Diaz,Dir B,2000,30,203.0,2025-06-20 01:23:12.517598,movie,Movie
user_15,yes,Timeless Journey,Sci-Fi,Coming-of-Age,Family Bonds,Excited,13,Carlos Diaz,Dir D,2012,120,203.0,2025-06-20 12:29:12.517634,series,Series
user_94,yes,Timeless Journey,Family,Coming-of-Age,Love,Melancholic,16,Jane Smith,Dir B,2022,60,505.0,2025-06-20 07:28:12.517668,series,Series
user_62,no,Midnight Code,Romance,Slice of Life,Love,Excited,18,John Doe,Dir B,2013,60,,2025-06-20 07:33:12.517699,special,Other
user_25,yes,Timeless Journey,Sci-Fi,Fantasy,Love,Relaxed,Family,Mina Patel,Dir B,1991,45,101.0,2025-06-19 05:59:12.517732,movie,Movie
user_37,yes,Midnight Code,Comedy,Slice of Life,Adventure,Melancholic,Family,Jane Smith,Dir B,2023,90,,2025-06-18 21:37:12.517757,movie,Movie
user_87,yes,Timeless Journey,Comedy,Coming-of-Age,Adventure,Melancholic,16,Jane Smith,Dir C,1997,60,203.0,2025-06-19 09:06:12.517786,episode,Other
user_38,yes,Timeless Journey,Drama,Slice of Life,Betrayal,Excited,16,Mina Patel,Dir D,2008,30,203.0,2025-06-18 20:52:12.517820,series,Series
user_58,no,Love Circuit,Comedy,Fantasy,Courage,Nostalgic,13,Jane Smith,Dir C,2014,45,,2025-06-20 03:28:12.517852,special,Other
user_14,no,Midnight Code,Drama,Coming-of-Age,Adventure,Relaxed,16,Alice Lee,Dir A,1991,30,404.0,2025-06-19 17:29:12.517877,episode,Other
user_88,yes,Love Circuit,Drama,Crime,Betrayal,Melancholic,13,Jane Smith,Dir C,2021,120,404.0,2025-06-20 06:32:12.517896,series,Series
user_57,yes,Love Circuit,Family,Crime,Love,Melancholic,18,Alice Lee,Dir D,1990,120,203.0,2025-06-20 03:09:12.517924,episode,Other
user_25,no,Midnight Code,Thriller,Coming-of-Age,Friendship,Melancholic,Family,Mina Patel,Dir D,2000,90,305.0,2025-06-19 22:39:12.517953,series,Series
user_88,no,Love Circuit,Thriller,Crime,Family Bonds,Relaxed,Family,John Doe,Dir C,1998,120,,2025-06-19 00:19:12.517976,episode,Other
user_79,yes,Love Circuit,Drama,Fantasy,Family Bonds,Nostalgic,18,Carlos Diaz,Dir A,1991,90,505.0,2025-06-19 19:15:12.518007,special,Other
user_97,yes,Midnight Code,Comedy,Buddy,Adventure,Excited,18,Carlos Diaz,Dir A,2011,90,505.0,2025-06-20 05:31:12.518030,special,Other
user_19,yes,Echoes of Youth,Drama,Buddy,Friendship,Nostalgic,13,Carlos Diaz,Dir C,2015,120,,2025-06-19 23:51:12.518066,movie,Movie
user_65,yes,Sky's Edge,Romance,Fantasy,Adventure,Nostalgic,16,John Doe,Dir C,2021,120,505.0,2025-06-20 14:56:12.518095,special,Other
user_8,yes,Echoes of Youth,Drama,Buddy,Betrayal,Nostalgic,13,Mina Patel,Dir A,1996,30,404.0,2025-06-19 23:48:12.518118,series,Series
user_1,no,Timeless Journey,Comedy,Buddy,Courage,Nostalgic,18,Jane Smith,Dir B,2010,30,505.0,2025-06-20 04:35:12.518147,series,Series
user_33,yes,Timeless Journey,Family,Coming-of-Age,Courage,Relaxed,Family,John Doe,Dir D,2019,60,,2025-06-20 16:10:12.518166,special,Other
user_94,no,Love Circuit,Romance,Crime,Family Bonds,Nostalgic,16,Mina Patel,Dir A,2014,60,505.0,2025-06-20 12:00:12.518189,special,Other
user_23,yes,Midnight Code,Romance,Buddy,Family Bonds,Relaxed,18,John Doe,Dir C,1999,90,203.0,2025-06-20 11:45:12.518208,episode,Other
user_81,no,Love Circuit,Sci-Fi,Buddy,Adventure,Nostalgic,Family,Alice Lee,Dir B,1995,120,505.0,2025-06-20 04:48:12.518226,episode,Other
user_43,yes,Midnight Code,Family,Buddy,Family Bonds,Melancholic,16,Alice Lee,Dir D,2005,120,305.0,2025-06-19 17:24:12.518244,episode,Other
user_52,yes,Love Circuit,Family,Slice of Life,Courage,Melancholic,18,Mina Patel,Dir D,2010,120,305.0,2025-06-18 19:11:12.518264,movie,Movie
user_81,no,Sky's Edge,Sci-Fi,Buddy,Courage,Nostalgic,13,Carlos Diaz,Dir D,2000,120,505.0,2025-06-20 17:35:12.518437,episode,Other
user_41,no,Sky's Edge,Family,Fantasy,Adventure,Nostalgic,Family,Alice Lee,Dir C,2003,45,404.0,2025-06-19 22:36:12.518525,series,Series
user_40,no,Timeless Journey,Drama,Coming-of-Age,Love,Excited,18,John Doe,Dir D,1994,45,,2025-06-19 19:00:12.518555,special,Other
user_72,no,Timeless Journey,Comedy,Slice of Life,Courage,Excited,13,Jane Smith,Dir A,1994,30,,2025-06-19 11:12:12.518589,episode,Other
user_10,no,Timeless Journey,Comedy,Buddy,Adventure,Melancholic,Family,Carlos Diaz,Dir B,1995,30,101.0,2025-06-20 04:22:12.518620,series,Series
user_12,yes,Echoes of Youth,Sci-Fi,Coming-of-Age,Friendship,Melancholic,16,Mina Patel,Dir C,2007,30,101.0,2025-06-20 11:37:12.518653,movie,Movie
user_72,no,Timeless Journey,Thriller,Crime,Love,Nostalgic,18,Jane Smith,Dir D,1991,60,404.0,2025-06-19 22:01:12.518672,movie,Movie
user_63,no,Timeless Journey,Thriller,Crime,Love,Excited,18,John Doe,Dir A,2022,120,101.0,2025-06-19 06:33:12.518690,special,Other
user_68,yes,Timeless Journey,Sci-Fi,Slice of Life,Family Bonds,Relaxed,13,Mina Patel,Dir A,1999,90,101.0,2025-06-19 09:32:12.518708,movie,Movie
user_67,yes,Love Circuit,Romance,Coming-of-Age,Adventure,Melancholic,Family,Mina Patel,Dir A,2023,45,203.0,2025-06-19 22:03:12.518742,special,Other
user_15,no,Midnight Code,Drama,Coming-of-Age,Love,Melancholic,Family,Jane Smith,Dir D,2004,90,305.0,2025-06-20 12:41:12.518771,special,Other
user_52,no,Love Circuit,Action,Slice of Life,Friendship,Relaxed,18,Alice Lee,Dir D,2007,45,,2025-06-19 05:15:12.518789,special,Other
user_37,no,Sky's Edge,Romance,Coming-of-Age,Friendship,Relaxed,Family,Carlos Diaz,Dir B,2016,60,505.0,2025-06-18 20:30:12.518809,series,Series
user_64,yes,Echoes of Youth,Comedy,Buddy,Adventure,Excited,18,Jane Smith,Dir A,1991,120,305.0,2025-06-18 19:45:12.518827,series,Series
user_45,no,Timeless Journey,Romance,Coming-of-Age,Adventure,Melancholic,18,Alice Lee,Dir B,2008,120,,2025-06-19 12:35:12.518846,movie,Movie
user_61,yes,Love Circuit,Thriller,Crime,Family Bonds,Relaxed,18,Alice Lee,Dir D,2005,120,305.0,2025-06-20 13:58:12.518869,special,Other
user_81,yes,Sky's Edge,Comedy,Slice of Life,Love,Relaxed,Family,John Doe,Dir D,1993,45,,2025-06-18 23:36:12.518898,episode,Other
user_6,yes,Midnight Code,Drama,Fantasy,Betrayal,Melancholic,13,Jane Smith,Dir D,2023,120,101.0,2025-06-19 12:48:12.518943,special,Other
user_24,yes,Love Circuit,Comedy,Crime,Friendship,Excited,Family,John Doe,Dir B,2006,90,404.0,2025-06-20 11:57:12.518982,series,Series
user_73,yes,Timeless Journey,Sci-Fi,Buddy,Courage,Melancholic,13,Jane Smith,Dir B,2010,120,305.0,2025-06-20 02:49:12.519013,episode,Other
user_23,no,Sky's Edge,Romance,Coming-of-Age,Friendship,Nostalgic,16,Carlos Diaz,Dir C,1999,30,305.0,2025-06-19 14:04:12.519032,episode,Other
user_68,yes,Love Circuit,Sci-Fi,Crime,Friendship,Relaxed,13,John Doe,Dir B,2008,30,505.0,2025-06-20 17:12:12.519064,series,Series
user_52,no,Timeless Journey,Comedy,Fantasy,Family Bonds,Excited,16,Alice Lee,Dir B,2015,30,505.0,2025-06-18 21:21:12.519093,series,Series
user_99,yes,Midnight Code,Thriller,Buddy,Love,Melancholic,18,Mina Patel,Dir A,1994,60,203.0,2025-06-20 00:21:12.519125,episode,Other
user_42,yes,Echoes of Youth,Family,Buddy,Courage,Relaxed,Family,Mina Patel,Dir B,1990,60,,2025-06-19 00:19:12.519153,episode,Other
user_6,no,Timeless Journey,Drama,Buddy,Friendship,Melancholic,Family,John Doe,Dir D,2014,30,505.0,2025-06-19 06:56:12.519175,series,Series
user_89,no,Echoes of Youth,Romance,Fantasy,Betrayal,Nostalgic,13,Carlos Diaz,Dir A,2000,120,505.0,2025-06-19 14:31:12.519200,special,Other
user_42,no,Sky's Edge,Drama,Slice of Life,Friendship,Nostalgic,16,Jane Smith,Dir C,2012,45,305.0,2025-06-19 23:20:12.519229,special,Other
user_18,yes,Midnight Code,Family,Crime,Betrayal,Melancholic,13,John Doe,Dir D,1996,120,505.0,2025-06-20 14:51:12.519248,movie,Movie
user_82,no,Echoes of Youth,Comedy,Coming-of-Age,Friendship,Nostalgic,13,Mina Patel,Dir C,2019,120,305.0,2025-06-20 12:11:12.519274,special,Other
user_89,yes,Love Circuit,Action,Crime,Courage,Nostalgic,16,Jane Smith,Dir A,2019,90,505.0,2025-06-20 16:54:12.519300,special,Other
user_42,no,Timeless Journey,Romance,Crime,Betrayal,Melancholic,Family,Carlos Diaz,Dir A,2020,45,505.0,2025-06-19 15:47:12.519327,series,Series
user_48,no,Love Circuit,Thriller,Crime,Friendship,Nostalgic,13,Alice Lee,Dir B,2022,120,404.0,2025-06-20 13:46:12.519355,special,Other
user_68,yes,Timeless Journey,Romance,Coming-of-Age,Betrayal,Relaxed,16,Carlos Diaz,Dir A,1996,30,305.0,2025-06-20 04:40:12.519373,episode,Other
user_99,yes,Sky's Edge,Family,Fantasy,Betrayal,Melancholic,Family,Mina Patel,Dir D,1995,120,,2025-06-19 17:50:12.519391,episode,Other
user_62,yes,Echoes of Youth,Thriller,Coming-of-Age,Love,Melancholic,16,Mina Patel,Dir D,1991,60,101.0,2025-06-20 07:39:12.519422,special,Other
user_89,no,Sky's Edge,Comedy,Buddy,Courage,Excited,Family,Mina Patel,Dir A,2010,45,404.0,2025-06-20 10:47:12.519446,movie,Movie
user_51,no,Echoes of Youth,Sci-Fi,Fantasy,Love,Nostalgic,13,John Doe,Dir C,2008,30,203.0,2025-06-20 12:46:12.519475,movie,Movie
user_25,no,Echoes of Youth,Action,Fantasy,Family Bonds,Relaxed,16,Mina Patel,Dir C,2001,60,203.0,2025-06-19 09:09:12.519501,movie,Movie
user_69,no,Love Circuit,Romance,Coming-of-Age,Love,Excited,18,John Doe,Dir B,2023,90,404.0,2025-06-19 14:30:12.519520,series,Series
user_91,yes,Echoes of Youth,Drama,Fantasy,Family Bonds,Relaxed,18,Carlos Diaz,Dir A,2013,30,305.0,2025-06-20 06:12:12.519539,series,Series
user_4,yes,Echoes of Youth,Family,Coming-of-Age,Courage,Nostalgic,16,Mina Patel,Dir D,2019,45,305.0,2025-06-18 23:17:12.519563,episode,Other
user_54,yes,Timeless Journey,Romance,Coming-of-Age,Adventure,Relaxed,13,Carlos Diaz,Dir B,1998,30,101.0,2025-06-20 06:36:12.519590,series,Series
user_9,no,Timeless Journey,Comedy,Fantasy,Betrayal,Nostalgic,Family,Alice Lee,Dir A,1993,45,404.0,2025-06-19 01:39:12.519609,series,Series
user_21,yes,Echoes of Youth,Sci-Fi,Coming-of-Age,Friendship,Nostalgic,Family,Mina Patel,Dir D,2011,60,505.0,2025-06-20 10:34:12.519627,episode,Other
user_15,no,Timeless Journey,Action,Coming-of-Age,Love,Nostalgic,16,Jane Smith,Dir A,2016,90,203.0,2025-06-20 03:13:12.519650,series,Series
user_58,yes,Love Circuit,Drama,Fantasy,Betrayal,Nostalgic,13,Alice Lee,Dir A,1992,60,505.0,2025-06-19 08:30:12.519673,series,Series
user_15,no,Echoes of Youth,Thriller,Buddy,Betrayal,Nostalgic,Family,Jane Smith,Dir D,2019,90,,2025-06-19 15:46:12.519692,episode,Other
user_43,yes,Timeless Journey,Action,Buddy,Love,Excited,Family,Alice Lee,Dir A,2011,60,404.0,2025-06-18 19:24:12.519722,special,Other
user_62,yes,Love Circuit,Drama,Slice of Life,Adventure,Melancholic,18,Carlos Diaz,Dir C,1991,120,203.0,2025-06-20 08:38:12.519748,series,Series
user_7,no,Echoes of Youth,Romance,Slice of Life,Love,Relaxed,16,Jane Smith,Dir C,1991,60,101.0,2025-06-19 22:54:12.519776,movie,Movie
user_86,yes,Sky's Edge,Romance,Coming-of-Age,Family Bonds,Relaxed,18,Mina Patel,Dir D,2009,120,203.0,2025-06-19 20:54:12.519794,special,Other
user_95,yes,Love Circuit,Family,Fantasy,Love,Excited,13,Alice Lee,Dir A,2022,60,,2025-06-19 20:03:12.519823,special,Other
user_45,yes,Timeless Journey,Comedy,Buddy,Family Bonds,Melancholic,18,Carlos Diaz,Dir B,2015,120,,2025-06-19 20:19:12.519860,movie,Movie
user_100,yes,Timeless Journey,Thriller,Slice of Life,Courage,Excited,Family,Carlos Diaz,Dir A,2009,30,505.0,2025-06-19 08:33:12.519890,series,Series
user_79,no,Love Circuit,Thriller,Buddy,Betrayal,Excited,16,John Doe,Dir B,1991,30,203.0,2025-06-20 02:02:12.519910,episode,Other
user_15,yes,Love Circuit,Sci-Fi,Coming-of-Age,Love,Excited,16,Carlos Diaz,Dir D,2017,60,203.0,2025-06-18 20:52:12.519928,special,Other
user_29,yes,Midnight Code,Family,Coming-of-Age,Family Bonds,Excited,16,Mina Patel,Dir D,2004,60,305.0,2025-06-19 03:04:12.519946,movie,Movie
user_68,no,Timeless Journey,Drama,Fantasy,Betrayal,Nostalgic,16,Alice Lee,Dir C,2012,45,203.0,2025-06-19 06:47:12.519964,special,Other
user_4,no,Love Circuit,Action,Buddy,Love,Melancholic,Family,Mina Patel,Dir B,2017,30,203.0,2025-06-20 11:55:12.519995,series,Series
user_95,no,Love Circuit,Action,Fantasy,Friendship,Excited,13,Carlos Diaz,Dir B,2000,45,203.0,2025-06-19 17:15:12.520026,episode,Other
user_63,no,Echoes of Youth,Romance,Fantasy,Betrayal,Melancholic,16,Carlos Diaz,Dir B,2012,60,404.0,2025-06-19 05:20:12.520054,movie,Movie
user_32,no,Sky's Edge,Drama,Crime,Adventure,Relaxed,18,John Doe,Dir C,1997,60,,2025-06-20 03:38:12.520072,movie,Movie
user_62,yes,Midnight Code,Sci-Fi,Crime,Betrayal,Nostalgic,18,Alice Lee,Dir A,1992,30,101.0,2025-06-20 15:35:12.520093,episode,Other
user_36,yes,Love Circuit,Comedy,Buddy,Family Bonds,Excited,Family,Alice Lee,Dir B,2014,30,,2025-06-19 23:17:12.520400,special,Other
user_35,no,Love Circuit,Action,Slice of Life,Courage,Relaxed,Family,Jane Smith,Dir C,1996,30,305.0,2025-06-19 03:24:12.520487,movie,Movie
user_63,yes,Sky's Edge,Thriller,Fantasy,Love,Melancholic,Family,Alice Lee,Dir B,2003,120,,2025-06-19 14:55:12.520516,series,Series
user_25,yes,Love Circuit,Thriller,Buddy,Family Bonds,Melancholic,16,Mina Patel,Dir B,1993,120,404.0,2025-06-19 19:37:12.520536,episode,Other
user_24,yes,Love Circuit,Thriller,Crime,Adventure,Nostalgic,Family,Alice Lee,Dir B,2015,60,,2025-06-19 06:06:12.520556,movie,Movie
user_59,yes,Echoes of Youth,Sci-Fi,Buddy,Adventure,Excited,16,Jane Smith,Dir B,2011,60,505.0,2025-06-20 16:41:12.520574,special,Other
user_81,no,Timeless Journey,Romance,Crime,Love,Relaxed,16,Mina Patel,Dir C,2022,60,203.0,2025-06-20 02:44:12.520592,series,Series
user_88,no,Timeless Journey,Sci-Fi,Coming-of-Age,Courage,Nostalgic,18,John Doe,Dir C,2014,60,,2025-06-19 07:47:12.520610,episode,Other
user_53,yes,Love Circuit,Thriller,Fantasy,Adventure,Nostalgic,18,John Doe,Dir A,2000,90,404.0,2025-06-19 07:10:12.520728,movie,Movie
user_98,yes,Timeless Journey,Romance,Coming-of-Age,Betrayal,Excited,Family,Alice Lee,Dir D,1996,45,505.0,2025-06-19 14:14:12.520756,movie,Movie
user_8,yes,Midnight Code,Comedy,Coming-of-Age,Adventure,Melancholic,13,Carlos Diaz,Dir B,1991,45,,2025-06-20 17:52:12.520778,episode,Other
user_98,yes,Echoes of Youth,Sci-Fi,Buddy,Family Bonds,Nostalgic,Family,Mina Patel,Dir C,2015,30,404.0,2025-06-19 14:42:12.520811,movie,Movie
user_18,yes,Sky's Edge,Sci-Fi,Crime,Love,Melancholic,18,Alice Lee,Dir D,2023,30,101.0,2025-06-20 16:29:12.520847,episode,Other
user_85,yes,Echoes of Youth,Family,Fantasy,Adventure,Nostalgic,18,Jane Smith,Dir B,1996,90,404.0,2025-06-20 11:30:12.520865,movie,Movie
user_99,no,Love Circuit,Thriller,Buddy,Courage,Relaxed,Family,Mina Patel,Dir D,2007,60,505.0,2025-06-20 13:56:12.520884,movie,Movie
user_83,no,Love Circuit,Action,Slice of Life,Adventure,Excited,13,Carlos Diaz,Dir A,1996,45,305.0,2025-06-18 19:32:12.520902,movie,Movie
user_36,no,Love Circuit,Action,Coming-of-Age,Friendship,Melancholic,16,Carlos Diaz,Dir C,2000,90,,2025-06-19 16:51:12.520933,special,Other
user_95,no,Echoes of Youth,Drama,Slice of Life,Family Bonds,Excited,Family,Mina Patel,Dir B,2016,120,305.0,2025-06-18 20:53:12.520956,series,Series
user_86,no,Timeless Journey,Family,Fantasy,Love,Relaxed,18,Alice Lee,Dir C,2005,45,203.0,2025-06-19 15:43:12.520991,special,Other
user_85,no,Midnight Code,Comedy,Coming-of-Age,Family Bonds,Melancholic,13,Carlos Diaz,Dir A,2015,30,305.0,2025-06-19 23:25:12.521014,movie,Movie
user_74,no,Love Circuit,Comedy,Fantasy,Betrayal,Relaxed,Family,Jane Smith,Dir C,2015,60,101.0,2025-06-20 04:51:12.521032,episode,Other
user_24,yes,Timeless Journey,Comedy,Buddy,Love,Melancholic,13,Carlos Diaz,Dir D,2016,45,101.0,2025-06-20 14:01:12.521051,episode,Other
user_55,yes,Timeless Journey,Action,Fantasy,Adventure,Melancholic,16,John Doe,Dir C,1993,45,101.0,2025-06-19 07:02:12.521069,movie,Movie
user_5,no,Midnight Code,Comedy,Crime,Family Bonds,Excited,16,Mina Patel,Dir C,1998,120,305.0,2025-06-20 10:03:12.521087,special,Other
user_23,no,Midnight Code,Romance,Crime,Betrayal,Relaxed,18,Mina Patel,Dir B,2004,30,404.0,2025-06-18 22:54:12.521108,movie,Movie
user_68,no,Timeless Journey,Drama,Buddy,Friendship,Excited,Family,Jane Smith,Dir C,2005,60,305.0,2025-06-19 20:34:12.521138,movie,Movie
user_57,no,Timeless Journey,Drama,Buddy,Adventure,Relaxed,13,Alice Lee,Dir A,2015,90,305.0,2025-06-19 14:38:12.521174,special,Other
user_5,yes,Sky's Edge,Thriller,Slice of Life,Courage,Excited,16,Jane Smith,Dir C,1993,120,505.0,2025-06-19 04:55:12.521205,movie,Movie
user_26,yes,Echoes of Youth,Action,Buddy,Courage,Relaxed,Family,John Doe,Dir B,1994,90,,2025-06-20 04:22:12.521237,series,Series
user_56,yes,Timeless Journey,Romance,Buddy,Friendship,Excited,16,John Doe,Dir A,2012,60,305.0,2025-06-19 17:15:12.521264,series,Series
user_59,yes,Timeless Journey,Family,Crime,Adventure,Melancholic,16,Carlos Diaz,Dir B,2007,30,101.0,2025-06-19 07:44:12.521282,movie,Movie
user_47,yes,Sky's Edge,Thriller,Slice of Life,Adventure,Nostalgic,16,Alice Lee,Dir B,1999,45,305.0,2025-06-19 17:19:12.521301,series,Series
user_50,yes,Love Circuit,Romance,Coming-of-Age,Friendship,Melancholic,16,Jane Smith,Dir B,2017,30,,2025-06-18 20:23:12.521325,special,Other
user_20,no,Midnight Code,Family,Crime,Adventure,Excited,18,Alice Lee,Dir B,1997,30,203.0,2025-06-19 18:22:12.521354,special,Other
user_64,yes,Timeless Journey,Romance,Crime,Love,Relaxed,13,Jane Smith,Dir D,2021,60,404.0,2025-06-20 02:34:12.521375,special,Other
user_96,no,Timeless Journey,Drama,Crime,Family Bonds,Melancholic,18,Carlos Diaz,Dir C,2006,120,305.0,2025-06-19 00:19:12.521399,special,Other
user_85,yes,Timeless Journey,Family,Crime,Friendship,Nostalgic,18,Mina Patel,Dir D,1992,90,203.0,2025-06-19 18:36:12.521427,movie,Movie
user_35,yes,Sky's Edge,Action,Slice of Life,Betrayal,Relaxed,13,Carlos Diaz,Dir B,2000,30,305.0,2025-06-20 00:06:12.521446,movie,Movie
user_30,yes,Sky's Edge,Drama,Crime,Love,Melancholic,16,Jane Smith,Dir B,2023,120,305.0,2025-06-19 07:43:12.521465,episode,Other
user_74,yes,Echoes of Youth,Thriller,Slice of Life,Adventure,Relaxed,18,Mina Patel,Dir A,1990,90,404.0,2025-06-19 19:18:12.521483,special,Other
user_8,yes,Love Circuit,Action,Crime,Love,Excited,13,Mina Patel,Dir C,1995,90,203.0,2025-06-20 11:45:12.521507,movie,Movie
user_20,no,Timeless Journey,Thriller,Buddy,Friendship,Nostalgic,13,Mina Patel,Dir C,2007,30,305.0,2025-06-19 16:53:12.521529,special,Other
user_71,no,Timeless Journey,Thriller,Fantasy,Courage,Excited,16,Mina Patel,Dir D,1994,45,203.0,2025-06-18 22:01:12.521560,special,Other
user_73,yes,Love Circuit,Family,Fantasy,Family Bonds,Excited,Family,John Doe,Dir D,2012,45,505.0,2025-06-20 18:17:12.521597,movie,Movie
user_21,no,Sky's Edge,Family,Coming-of-Age,Betrayal,Excited,18,Carlos Diaz,Dir C,2020,45,404.0,2025-06-20 15:48:12.521615,special,Other
user_33,no,Timeless Journey,Comedy,Slice of Life,Betrayal,Relaxed,18,Mina Patel,Dir A,1990,30,101.0,2025-06-19 03:54:12.521637,special,Other
user_60,yes,Love Circuit,Drama,Slice of Life,Courage,Melancholic,16,John Doe,Dir B,2021,90,203.0,2025-06-19 20:13:12.521656,series,Series
user_19,yes,Timeless Journey,Drama,Slice of Life,Adventure,Melancholic,Family,Alice Lee,Dir B,2021,30,505.0,2025-06-19 06:41:12.521675,special,Other
user_94,yes,Echoes of Youth,Action,Fantasy,Betrayal,Melancholic,Family,Alice Lee,Dir C,1996,120,101.0,2025-06-19 07:46:12.521693,episode,Other
user_85,yes,Love Circuit,Sci-Fi,Crime,Friendship,Nostalgic,Family,Alice Lee,Dir D,2001,90,404.0,2025-06-18 21:28:12.521711,series,Series
user_57,no,Sky's Edge,Comedy,Buddy,Love,Nostalgic,Family,Carlos Diaz,Dir B,2010,45,101.0,2025-06-18 20:24:12.521730,special,Other
user_16,yes,Timeless Journey,Family,Coming-of-Age,Courage,Nostalgic,13,Alice Lee,Dir D,2017,30,305.0,2025-06-19 05:42:12.521748,special,Other
user_10,no,Timeless Journey,Romance,Coming-of-Age,Betrayal,Relaxed,18,John Doe,Dir B,2003,45,404.0,2025-06-19 17:03:12.521767,series,Series
user_30,yes,Echoes of Youth,Sci-Fi,Fantasy,Courage,Nostalgic,18,Mina Patel,Dir B,1992,30,,2025-06-19 01:14:12.521785,episode,Other
user_58,no,Echoes of Youth,Action,Buddy,Betrayal,Relaxed,13,John Doe,Dir D,2009,30,305.0,2025-06-19 07:30:12.521806,special,Other
user_21,yes,Love Circuit,Comedy,Buddy,Family Bonds,Excited,Family,Carlos Diaz,Dir C,2009,90,101.0,2025-06-20 10:09:12.521825,episode,Other
user_36,yes,Sky's Edge,Romance,Crime,Courage,Nostalgic,Family,Mina Patel,Dir A,2006,120,505.0,2025-06-19 20:21:12.521843,episode,Other
user_76,yes,Sky's Edge,Drama,Crime,Love,Nostalgic,18,John Doe,Dir B,2017,60,,2025-06-19 07:13:12.521861,special,Other
user_25,no,Love Circuit,Romance,Slice of Life,Friendship,Nostalgic,13,Mina Patel,Dir C,2019,120,101.0,2025-06-20 18:20:12.521891,series,Series
user_88,yes,Sky's Edge,Drama,Buddy,Adventure,Relaxed,13,Alice Lee,Dir B,2017,45,101.0,2025-06-19 13:58:12.521920,special,Other
user_93,no,Sky's Edge,Family,Buddy,Friendship,Melancholic,18,Mina Patel,Dir B,1991,90,101.0,2025-06-19 00:09:12.521944,episode,Other
user_87,yes,Midnight Code,Drama,Slice of Life,Love,Nostalgic,Family,Jane Smith,Dir C,2001,90,203.0,2025-06-19 00:03:12.521964,special,Other
user_5,no,Echoes of Youth,Sci-Fi,Coming-of-Age,Friendship,Melancholic,16,John Doe,Dir A,2023,60,101.0,2025-06-19 18:09:12.521988,special,Other
user_55,yes,Timeless Journey,Action,Fantasy,Family Bonds,Relaxed,16,John Doe,Dir B,2015,120,203.0,2025-06-18 22:49:12.522015,movie,Movie
user_7,no,Midnight Code,Drama,Slice of Life,Friendship,Melancholic,13,Jane Smith,Dir C,1994,90,505.0,2025-06-20 15:47:12.522199,special,Other
user_92,yes,Sky's Edge,Thriller,Crime,Courage,Melancholic,16,Jane Smith,Dir A,1994,45,305.0,2025-06-19 06:55:12.522284,movie,Movie
user_15,yes,Timeless Journey,Romance,Fantasy,Betrayal,Relaxed,16,John Doe,Dir A,2007,60,505.0,2025-06-20 03:45:12.522331,movie,Movie
user_65,no,Love Circuit,Sci-Fi,Slice of Life,Courage,Relaxed,16,John Doe,Dir A,2000,120,305.0,2025-06-19 14:41:12.522361,movie,Movie
user_82,no,Sky's Edge,Drama,Buddy,Family Bonds,Relaxed,18,John Doe,Dir A,1996,90,505.0,2025-06-20 06:42:12.522389,series,Series
user_59,no,Echoes of Youth,Sci-Fi,Slice of Life,Adventure,Nostalgic,18,Carlos Diaz,Dir D,2008,90,,2025-06-20 01:15:12.522418,special,Other
user_8,no,Sky's Edge,Family,Coming-of-Age,Adventure,Excited,16,Alice Lee,Dir D,2007,60,203.0,2025-06-19 06:35:12.522445,movie,Movie
user_47,yes,Sky's Edge,Drama,Coming-of-Age,Betrayal,Melancholic,18,John Doe,Dir D,2008,120,404.0,2025-06-19 03:38:12.522471,series,Series
user_4,yes,Love Circuit,Family,Fantasy,Friendship,Melancholic,16,John Doe,Dir A,1998,45,305.0,2025-06-19 23:01:12.522502,movie,Movie
user_34,no,Midnight Code,Sci-Fi,Coming-of-Age,Family Bonds,Excited,Family,Alice Lee,Dir D,2016,60,203.0,2025-06-20 04:07:12.522540,episode,Other
user_7,yes,Timeless Journey,Drama,Coming-of-Age,Love,Relaxed,16,Alice Lee,Dir C,2003,60,,2025-06-20 10:59:12.522559,episode,Other
user_17,no,Love Circuit,Comedy,Buddy,Betrayal,Excited,13,John Doe,Dir B,1996,90,305.0,2025-06-20 16:05:12.522584,special,Other
user_83,yes,Love Circuit,Romance,Crime,Betrayal,Nostalgic,13,Carlos Diaz,Dir C,2003,60,,2025-06-20 02:01:12.522616,special,Other
user_85,yes,Timeless Journey,Comedy,Crime,Love,Melancholic,16,John Doe,Dir B,2023,30,,2025-06-19 00:22:12.522636,series,Series
user_21,yes,Timeless Journey,Family,Fantasy,Love,Nostalgic,16,John Doe,Dir A,1997,60,101.0,2025-06-19 07:24:12.522654,episode,Other
user_2,yes,Sky's Edge,Thriller,Slice of Life,Courage,Excited,Family,Mina Patel,Dir B,1997,45,,2025-06-20 12:48:12.522672,movie,Movie
user_19,yes,Timeless Journey,Drama,Fantasy,Family Bonds,Relaxed,13,Carlos Diaz,Dir D,2008,30,203.0,2025-06-20 02:54:12.522690,special,Other
user_13,no,Midnight Code,Romance,Coming-of-Age,Family Bonds,Nostalgic,Family,Jane Smith,Dir D,2002,90,305.0,2025-06-19 06:15:12.522710,episode,Other
user_83,no,Sky's Edge,Family,Crime,Love,Melancholic,Family,Carlos Diaz,Dir B,2011,120,101.0,2025-06-19 16:26:12.522732,movie,Movie
